,success
precisionpoint-software,0
triplay,0
kurani-interactive,0
novomer,1
redzone-robotics,1
visual-telehealth-systems,0
toodalu,1
sonocine,0
filtrbox,1
quest-online,0
biogasol,0
zonarsystems,0
bensata,0
xendex-holding,0
wizee-2,1
klick2contact,0
soshigames,0
valuevine,1
10x10-room,0
corrigan-and-aburn-sportswear,0
avatar-reality,0
clearslide,1
rivendell-education-company,0
healpay,0
icb-international,0
geekchicdaily,0
c4m,0
language123,0
biologicsinc,0
clearviewaudio,0
spo-medical,0
bridge,1
styletread,0
aqua-skin-science,0
orpheus-gmbh,0
redmere-technology,0
wireless-safety,0
enertech-environmental,0
twaitter-com,0
iterasi,0
spensa-technologies,1
ruxter,0
silicon-republic,0
graffiti,0
neteffect,1
abundant-closet,0
iquest-analytics,0
pxradia,0
jwplayer,0
waterbear-soft,0
trusteer,1
trimble,1
ymagis,1
nexis-vision,0
nutshellmail,1
skyline-medical-inc,1
revshare,0
zuchem,0
pixelport-networks,0
konkura,0
network-chemistry,1
zenitum,0
xstream-systems,0
expotv,0
fon,1
affinity-solutions,0
mediamind,0
illumitex,1
servo-software,1
catalyst-international,1
ftopia,1
turtle-creek-apparel,0
realdirect,0
idri-infectious-disease-research-institute,0
astamuse-company-ltd,0
kannuu,0
ryla,1
retas-medical-assistance,0
nflight-technology-llc,0
brainsins,0
phonetime,0
authentec,1
jobs-dial-llc,0
kinkast,0
beam-express,0
black-duck-software,1
veodia,1
teachthepeople,0
designmynight,0
zkipster,0
plymedia,0
alpha-and-omega-semiconductor,1
bioassets-development,0
diagnotes,0
crave-com,0
pptv,1
innoz,0
nerites,0
dynamics-direct,1
actiance,1
cloudcrowd,0
adama-materials,1
jellyfish,1
lessonwriter,0
handprint,0
vitrinepix,1
peertransfer,1
nimble-storage,1
ummc,0
cloudbyte,0
mixed-media-labs,0
delaget,0
massively-fun,0
divvyshot,1
blueconic-2,1
ferfics,0
yahoo,1
bg-networking-llc,0
groopt,0
steerads,0
rfinity,0
snip-ly,0
klickthru,0
wool-and-the-gang,0
cadence-bancorp,0
willagirl,0
iat-auto,0
lovefilm,1
imove,1
velteo,1
hi-midia,0
avdirect,0
wegowise,0
blife,0
monstrous,0
signalhorn,0
viridity-energy,0
decision-sciences,0
propublica,0
wirelessgate,0
taltopia,0
dianxin,0
vida-diagnostics,0
right-media,1
erply,0
one-loyalty-network,0
naiscorp-information-technology-services,0
kitenga,1
clickpass,1
icardiac-technologies,0
gna-biosolutions,0
stelcor-energy-corp,0
retroficiency,1
seismotech,0
avidia,1
collectivemedia,1
yingyang,0
5min,1
nettle,0
faguo,0
mediswipe,1
nuvotronics,0
one-source-networks,1
thubrikar-aortic-valve,0
openbsd-foundation,0
jeeves,0
circuitsutra-technologies,0
akermin,1
emeter,1
onavo,1
nexj-systems,1
sparxent,0
spinealign-medical,0
megazebra,0
dark-fibre-africa,0
thecreator-me,0
staccato-communications,0
heliovolt,1
identity-engines,0
lyyn,0
force-therapeutics,0
echogen-power-systems,0
ebillme,0
170-systems,1
patienttrac-infomation-technology,0
bangbite,0
rooftopcomedy,1
ciceksepeti-com,0
canddi,0
orthalign,0
sr-pago,0
optimus,0
mhelpdesk,1
onsite-access,1
kongzhong,1
globallogic,0
crowdgather,1
compliance-innovations,0
telecommunication-systems,1
futuris-tk,0
abizinabox,0
miicard,1
broadband-networks-wireless-internet,0
preventice,0
oleole,0
leemail,0
eleven-biotherapeutics,1
safer-minicabs,1
equiendo,0
pts-physicians-llc,0
pricesquid,0
aristos-logic,1
reach-influence,0
pavegen-systems,0
lightwaves,0
sergemd-inc,0
insightra-medical,1
bumptop,1
vendasta,0
open-plug,1
mesolight-llc,0
tendril,1
novogen,1
celframe,0
who-works-around-you,0
airtouch-communications,1
uptake-medical,1
real-food-real-kitchens,0
loans-on-fine-art,0
boundary,1
blue-bus-tees,0
docbookmd,0
applied-optoelectronics-inc,1
amrest-2,0
dealflow-com,0
id-theft-solutions-of-america,0
memorymerge,0
tagarray,0
ephox,0
medical-referral-source,0
bluepay,0
nival-network,0
interactive-solutions,1
university-of-memphis,0
fantasybook,1
sapling-learning,0
verisilicon-holdings,1
gridpoint,1
pawspot,0
edifilm,0
ready-solar,1
cognia,1
novian-health,0
community-investment-strategies,0
turbocoating,0
allegro-diagnostics,1
zyga-technology,1
rategenius,0
id-quantique,0
catapult-genetics,1
netqos,1
sieve,1
icon,0
micromem-technologies,1
boarding-pass,0
neurologica,1
viridis3d,0
achala,0
social-guides,0
yammer,1
critical-outcome-technologies,1
7-billion-people,0
ipayst,0
efilecabinet,0
sequana-medical,0
tarsa-therapeutics,1
opencloud,1
turbolinux,0
lingospot-inc,0
imagitive-gmbh,0
ium,1
zink-imaging,0
revolver,0
thermaltherapeuticsystems,0
vendome-1699,0
shanghai-smartpay,0
surfwax-media,0
neomobile,0
inspire-commerce,0
wizishop,0
parcus-medical,0
own-free-website,0
hilltop-connections,0
glentel,1
sleep-number,1
hotspur-technologies,1
transwitch,1
stop-being-watched,0
valencell,1
netfactor,0
shade-tree-powersports,0
centrifuge-systems,0
city-voice,0
bvents,0
metrolinked,0
quosis,0
ambient-control-systems,0
lyncean-technologies,1
athena-organic-farm---eco-retreat,0
socket-mobile,1
adaptive-technologies,0
enable-holdings,1
bravosolution,0
posiq,0
alereon,1
etf-securities,0
seamsoft,0
zevia,0
robodynamics,0
ethicsgame,0
halfpenny-technologies,0
key-ingredient,0
venture-med-group,0
stratajet,0
microfabrica,0
its-compliance,0
nscaled,1
cloud-iq,0
human-performance-integrated-systems,0
the-young-turks,0
drivestream,0
iobridge,0
adapt-ly,1
good-data,1
ftl-global-solutions,0
keepstream,1
wildcraft,0
nuvosun,1
hct-group,0
pulse-electronics,1
integrity-digital-solutions,0
a123systems,1
biometric-solution,0
luma-international,0
divide,1
imperva,1
gemini,0
skycross,1
ambitious-minds,0
affinitas,0
keiz-marshall-performing-arts-academy,0
fast-pay-partners,1
groundwork-open-source,0
laurus-labs,0
solve-media,1
woodstone-properties,0
exchange-corporation-k-k,1
oink-2,1
deadstock-network,0
watson-brown,0
ushi,1
novadigm-therapeutics,0
us-healthcenter,0
emmaus-medical,0
lakeside-speech-language-and-learning-llc,0
insideaxis-2,0
ratesetter,0
is-that-odd,0
evestment-alliance,0
torqeedo,0
trialbee,0
qello,0
vouchar,0
yakimbi,0
histosonics,1
canwest,1
plurilock-security-solutions,0
nanovis-inc,1
wine-nation,0
mcor-technologies,0
think360,0
actimagine,0
hanger-network-in-home-media,0
nimble-2,0
autoloader-gmbh-2,0
gearworks,1
intrinsic-lifesciences,0
smartdrive-systems,1
iqms,0
revision-therapeutics,0
cunexus-solutions,0
dna-games,1
akampus,0
movile-latin-america,1
funplus-game,0
plusgrade,0
dormir,0
clear-advantage-collar,0
adama-innovations,0
ucontrol,1
virurl,0
minutebuzz,0
vivaty,0
connectionplus,0
imaging3,1
8tracks,0
tolingo,0
cianna-medical,1
andalyze,1
mom-trusted,0
schoolout,0
nistica,1
elumen-solutions,1
icecure-medical,0
cree,1
ecotality,1
patent-safari,0
firefly-media,0
dokogeo,0
faisonsaffaire-com,0
amidebio,1
airborne-media-group-2,0
spot-influence,1
molplex,0
namemedia,0
primerevenue,0
thumbplay,1
aw-energy,0
clear-guide-medical,0
socialtext,1
kapow-technologies,1
the-gym,0
satellier,0
birds-eye-systems,0
jobspice,0
webex-communications,1
skyfuel,0
decision-pace,0
quovo,0
abound-logic,0
dance-biopharm,0
king-lizzy-creative,0
fabrika-online,0
3crowd-technologies,1
egenera-inc,0
neoguide-systems,1
mtivity,0
daily-secret,1
suning,1
tekmi,0
wunderlich-securities,0
brandtone,0
tuenti-technologies,1
ventrix-2,0
show-de-ingressos,1
gamecrush,0
winbuyer,0
tastebook,1
mediapass-com,0
spot-trot,0
mypizza-com,0
overwolf,0
videoplaza,1
returbo,0
myca-health,0
360learning,0
kickplay,0
zweitgeist,0
soapbox-mobile,0
gelato-fiasco,0
postdeck,0
wepa,0
meijer,0
gogoyoko,0
forescout,1
chatstat,0
zeebo,0
mediasilo,0
eos-energy-storgae,0
rapid-mobile,0
orbital-traction,1
metaplace,1
topcom-europe,0
directadoptions-com,0
panzura,1
digital-reef,1
become-media-inc,0
twelvefoldmedia,1
3d-robotics,1
infoteria,1
pathfinder-technologies,1
evolution-robotics,1
sapato-ru,1
steris-corporation,1
stillsecure,0
kingspoke-l-l-c,0
ucb-pharma,0
sprout-foods,1
mynines,0
summus-render-s-l,0
netrake,1
edai,0
kony,1
evestra,0
bodyshopbids,0
sensory-networks,1
paysimple,0
paca-foods,0
pact,1
e994,0
shanda-games,1
yes-bank,0
bayhill-therapeutics,0
geograffiti,0
nest-fragrances,0
cetek-corporation,0
kardia-health-systems,0
loosecubes,0
well-ca,1
brightsource-energy,1
innovectra,1
rawdata,0
kenzei,1
advent-health-partners,0
gulpfish-com,0
synthetic-genomics,0
cartmomo,0
exacter,0
hadasit-bio-holdings,1
cheap-flights-finder,0
unityware-inc,0
lontra,0
whoisedi,0
optiant,1
bango,1
netgear-inc,1
ambient-industries,0
lecturio,1
canfield-medical-supply,0
beacon-power,1
playhem,0
spectraseis,0
greenlink-networks,0
clearcube,0
anacomp,1
benchee,0
junar,0
rentmyinstrument-com,0
gemvara,0
terrago-technologies,1
placespeak,1
bulbstorm-inc,0
tapclicks,0
abloomy,0
bringshare,1
shelter-afrique,0
phoenix-new-media,1
smarp,0
youare-tv,0
longboard-media,1
pinsight,0
rothman-healthcare,0
converged-access,0
icreate,0
e-merges-com,0
american-discount-pharmacy-crop,0
antriabio,1
sharegrove,1
can-capital,1
weeworld,0
tigerspike,0
tickled-media-pte-ltd,0
mdc-telecom,0
osix,0
dream-industries,0
marriage-com,0
only-apartments,0
affle,1
microbank-software,1
bizxchange,0
brainly-com,0
sotera-wireless,1
primeagain,0
scalable-informatics,0
odeo,1
gamma-medica,0
turningart,0
payright-health-solutions,0
bevalley,0
bioenvision,0
parsely,1
derceto,0
korea-investment-partners,0
climber-com,0
riverside-research,0
avi-web-solutions-pvt-ltd,0
semtive,0
br-supply,0
sleek-africa-magazine,0
aircuity,1
internet-pawn,1
wedia,0
gencia,1
nlyte-software,0
icontainers,0
yougov,0
quadrille-ingnierie,0
vlingo,1
intellihot-green-technologies,0
worldstores,1
accellos,0
nukotoys,0
ihealth-lab-inc,0
pedestal-inc,0
thefilter,0
icinetic,0
arieso,1
seahorse-bioscience,1
bubblelife-media,0
rezolve,0
biopetroclean,0
energy-and-power-solutions,0
sozo-global,0
volunteerspot,0
0ndine-biomedical-inc,0
lexpertia-com,0
informed-trades,0
giritech,0
urban-metrics,0
websense,1
majeska-associates,0
transenterix,1
transcend-medical,1
carbon-voyage,1
nutritionix,0
secerno,1
adscoot,0
point-inside,1
sentio,0
struq,1
haiku-deck,1
yecuris,0
clicker,1
broad-institute,0
the-nocklist,0
audiosocket,1
pvpower,0
organizer,0
adspace-networks,0
permissiontv,1
deskarma,0
greennote,1
arsenal-medical-inc,1
shenzhen-fortuna-technology-co-ltd,0
transmedia-corporation,0
observepoint,0
array-networks,0
reefedge,0
chimani,0
family-mingle,0
nutrisystem,1
orabrush,1
sky-mobilemedia,0
nanophotonica,0
guangzhou-huafeng-biotech-co-ltd,0
chalet-tech,0
wooga,0
meal-ticket,1
intellistream,0
dark-skull-studios,0
invitedhome,1
m-audio,1
voipswitch,0
syndera-corporation,0
sientra,1
triples-media,0
thefix-com,0
arkadin,0
broadswords,0
exludus-technologies,0
convert-insights,0
m3x-media,0
neonova-network-services,0
comcast,1
sente-inc,1
menschmaschine-publishing,0
vholdr,1
teamsupport,0
pts-consulting,0
biobehavioral-diagnostics,1
genia-photonics,0
coresonic,1
youcastr,1
ninite,0
rayspan,0
cancerguide-diagnostics,0
nova-ratio,0
visible-markets,0
elite-group,0
pbworks,1
shoefitr,1
intelimax-media,0
cytomics-pharmaceuticals,0
realvu,1
memsic,1
localeats,0
v-i-laboratories,0
direct-rm,0
livehealthier,0
pakwheels-com,0
consensus-orthopedics,0
blue-fin-japanese-restaurant,0
sampa,0
alarm-com,1
digital-air-strike,0
ambassador,1
polwire,0
bancabc,0
adyapper-com,0
nighthawk-radiology-services,1
algisys,0
fandango,1
currensee,1
industry-weapon,0
adscale,0
valchemy,1
social-media-simplified-llc,0
roshini-international-bio-energy,0
the-football-social-club,0
tilana-systems,0
sendme,1
raser-technologies,1
reveal-data,0
sarsys,0
xumii,1
tririga,1
hive-6,0
canvas-networks,0
adlemons,1
physicians-formula,1
napkin-labs,1
weissbeerger,0
cytosolv,1
level-four-software,1
architizer,0
solargreen,0
webpt,0
twingly,0
greensand,0
ambri,0
brenco,1
mvisum,1
reldata-inc,1
creative-byline,0
proximus,0
ekos-corporation,1
express-inn-hotel,0
hemingway-and-associates,0
echobase,0
delve-networks,1
socloz,0
slurp-co-uk,0
wanshen,0
n2v-solutions-llc,0
promptu-systems,0
impok,1
heycrowd,0
delpor,0
rhapsody,1
visiquate,1
pocket-gems,0
cuponzote,1
famoco,0
evereve,0
movius-interactive,0
isoftstone,1
vistronix,0
enertec-systems,0
advanced-circulatory,0
nvoq,0
commercetools,1
helphive,0
mission-markets,0
webshoz,0
thrillist-media-group,0
vimagino,0
magor-communications,1
magme,0
ayannah,0
upside-commerce,0
frequent-browser,0
arxan-technologies,1
humn-pharmaceuticals,0
ecullet,0
shustir,0
foundation-radiology-group,0
worldmate,1
gear6,1
engagesciences,0
bragg-peak-systems,0
phase-forward,1
frh-consumer-services,0
stemedica-cell-technologies,0
coworks,0
rmb-ventures,0
3c-interactive,0
adura-technologies,1
juice-analytics,0
easy-metrics,0
cinegif,0
nousco,0
datacratic,0
vissee-ltd,0
optisort,0
pareto-networks,1
orthobond,0
basicgov-systems,0
woldme,0
flash-networks,0
lang-ma,0
gameworld-assocites,0
syncing-net,0
theracell,0
lambda-solutions,0
collective-bias,0
smartech-mfg-corp,0
definiens,1
snootlab,0
global-biodiagnostics,0
go2call-com,1
innopower,0
swagbucks,0
mobicart,0
w-w-communications,1
skillsurvey,0
fuse-universal,0
lexos-media,0
itsalat-international,0
hardmetrics,1
ulike,0
booxmedia,1
q-magic,1
biomax,0
brocade-communications-systems,1
salesforce,1
csl-dualcom,1
biomonitor,0
fly-media,0
drobo,1
reproductive-research-technologies,0
element-software,0
emerging-travel,0
electrolytic-ozone,0
cardiovascular-systems,1
newlight-technologies,0
apple-seeds,0
client-outlook,0
somany-ceramics,0
renthop,0
solem-electronique,0
adjudica,0
healthcaremagic,1
galtney-group,1
ibtgames,0
lattice-incorporated,0
orderup,1
july-systems,1
watchfinder,0
fflap-com,0
textunes,1
adslot,1
rhetorical-systems,0
viedea,0
navegg,1
titan-ic-systems,0
inside-jobs,0
graffitigeo-inc,1
drop-io,1
liquid-telecom,0
vrvana,0
physicians-immediate-care,0
applied-solar-technologies,0
uknow-com,1
revetto,0
bitboys-oy,1
litchy-electric,0
blackbay,0
securewave,0
social-reality,1
cyan,1
flexuspine,0
insight-genetics,0
munchkin,0
adaptive-digital-power,0
conveneer,1
u4ea,0
paradigm-holdings,0
reset-therapeutics,0
testroom-gmbh,0
hybrid-security,0
critical-pharmaceuticals,0
waypoint-health-innovatoins,1
qstream,0
massbioed,0
centene-corporation,1
sybari,1
salesconx,1
ujogo,1
nebuad,0
inson-medical-systems,0
luminescent-technologies,0
madrat-games,0
dynis,0
billtrust,0
tunesat,1
pro-options-marketing,0
mzinga,0
skystream-markets,0
texas-multicore-technologies,0
turbine-air-systems,0
mig-china,0
i-can-systems,0
tribalx,0
centice,1
ithinksport,0
guardianedge-technologies,1
antech-ltd,0
two-cells-co-ltd,0
cardoz,0
novatel-wireless,1
keynote,0
ihs-holding,0
player-x,0
medication-review,0
chemocentryx,1
netbyte-hosting,0
matchpoint-careers,0
movista,1
ini-power-systems,0
mysongtoyou,0
digital-media-broadcast,1
cognitens,1
sagetis-biotech,0
tanfield-direct-ltd,0
village-builders,0
cresthire,0
calastone,0
pivot,1
mydeco,1
cramster,1
bloson,0
thought-mechanics,1
afab-solutions,0
tyratech,0
avalanche-technology,1
arkayne,0
eons,0
printeco,1
charm-city-food-tours,0
cubictelecom,1
webvet,1
huaneng-renewables-corporation-limited,0
zervant,1
yola,0
verdezyne,1
leftlane-sports,0
barak-itc,0
circlelink-health,0
hydrologex-llc,0
linqpay,0
funium,0
beatlab,0
u-play-studios,0
edita-food-industries,0
identrust,0
premier-grocery,0
ecosia,0
topadmit,0
soundtag,0
powermat,0
isvworld,0
mmchannel,0
oonair,0
edusoft,1
secured-mail,0
microedge,1
acousticeye,1
qosmos,0
simplivt,0
kingsbridge-risk-solutions,0
suven-life-sciences,0
atrica,0
tissue-genesis,1
american-telecare,0
rehab-management-services,1
infoblox,1
intensedebate,1
jiubang-digital-technology-co,0
mediacore,1
energid-technologies,0
rally-software,1
preventes-fr,0
encore-interactive,0
prothera-biologics,0
nau-ventures-llc,0
clearpoint-metrics,1
jetsuite,0
newvoicemedia,1
ariel-way,0
affinion-group,0
e-ye-brain,0
acacia-communications,0
reversinglabs,0
chu-shu,0
bbn-technologies,1
trx-systems,0
micropower-technologies,1
userzoom,0
medtric-biotech,0
encap,0
apsalar,1
puralytics,0
fancy-hands,0
penthera-partners,1
little-power-shop,0
kupikupon,0
zpower,1
splashcast,0
vht,0
socialmadesimple,0
paybymobile,0
wired-beans-inc-,0
prixtel,0
finco,1
warstuff,0
perlegen-sciences,0
resermap,1
sidense,0
financial-information-network-operations-pvt,0
applied-proteomics,0
in-store-media-company,0
alexandalexa,0
exponential-entertainment,0
elance,1
guangdong-hengxing-group,0
seguricel,0
custopharm,0
chorus,0
again-technologies,0
covia-labs,0
prestamo10-com,0
alc-holdings,0
6cube,0
truckload-usa,0
book-of-odds-enterprises,0
immerse-learning,0
airsis,0
healthlinknow,0
dream-dinners,0
janzz,1
latista,1
performance-consulting-group-llc,0
dot-medical,0
cashcashpinoy,0
smart-skin-technologies,0
unisfair,1
kinex-pharmaceuticals,1
demantra,1
neotropix,0
moberg-research,0
wikimart-ru,1
vitalea-science,0
the-tap-lab,1
myservices,0
conductiv,0
rennovia,1
isk-international-inc,0
creditcards-com,1
brazen-careerist,1
mavenir-systems,1
thinklink,0
erms-corporation,0
swiftpage,1
ak-networks,0
punch-through-design,0
silvergate-pharmaceuticals,0
hello-chair,0
wirewax,0
intent,0
hatteras-networks,1
boston-out-patient-surigal-suites,0
airespace,1
everitas-inc,0
miwi-fi-net,0
triggerfish-animation-studios,0
aci-solutions,0
sensics,1
agentek,0
zhou-heiya,0
profitbricks,0
china-wi-max,1
rallyhood,0
yostro,1
benaissance,1
rawflow,0
schedulicity,0
goowy,1
formative-labs,0
podposter,0
lockdown-networks,1
carmichael-training-systems,0
iconix-brand-group,1
studentbox,0
mindframe-inc,0
smx,0
makemytrip-com,1
f4samurai,0
updown,0
mashwork,0
vivonet,0
fleet-management-solutions,1
spinevision,0
taligen-therapeutics,1
bragster,1
reflect-systems,0
azul-systems,0
caralon-global,0
yellow-monkey-studios-pvt,0
rewardme,0
odyssey-airlines,0
green-man-gaming,0
avisena,1
wondershare-software,0
embrace-pet-insurance,1
equity-administration-solutions,0
lemnatec,0
red-foundry,0
network-contract-solutions,1
infrastruct-security,0
covercake,0
bigtree-solutions,0
subject-company,0
berkeley-bionics,1
delta-plant-technologies,0
mebeam,1
accuvein,0
makoondi,0
clicktrue,0
wortal,0
zaplox,0
canonical-ltd,0
proacta,0
ventus-medical,0
imrsv,1
metacarta,1
bluefin-payment-systems,0
the-convenience-network,0
cartesian,0
panda-security,0
interna-technologies,0
neuverus-health,0
apex-fund-services,0
npicker,0
ecotimber,0
picateers,0
dogspot,0
paradigm-energy-group,0
digital-assent,1
agsquared,0
cymphonix,1
gamook,0
origin-healthcare-solutions,1
novasentis,0
gaia-herbs,0
zentact,0
nucurrent,0
evolve-ip,1
filtersure-inc,0
estrakon,0
spoke,1
fresenius-medical-care-himg-dialysis-center,0
softlayer,1
alien-technology,1
benevity,0
micro-interventional-devices,0
clacendix,1
fastscaletechnology,1
apsu,0
shopvisible,0
gizmofive,1
stroodle,0
gametube-sas,0
biotalk-technologies,0
neopolitan-networks,0
license-acquisitions,0
iexplore,1
ticketmaster,1
aegea-medical,0
infindo-technology-sdn-bhd,0
cynvenio-biosystems,1
liaison-technologies,1
espark,0
carbonetworks,0
intuitive-automata,0
inteliace-research,0
calibrus,0
brands4friends,1
incentive,0
insparq-com,1
varioptic,0
proklean-technologies,0
preparis,0
omg-holdings,0
policybazaar,1
adapx,1
hygeia-personal-care-products,0
neuronetics,1
intelepeer,1
source-audio,0
doostang,1
iqiyi,0
idea-shower,0
ilab-accelerator,0
daynine-consulting-inc,0
datamyne,0
payease,1
dentaldoctors,0
sapience-analytics-private-limited,0
forticom,0
loc-aid,1
limata-gmbh,0
rapid-micro-biosystems,1
nuconomy,1
kick-sport,0
prismhr,0
skyfiber,0
emisense-technologies,0
icn-intelligent-clearing-network,0
advantedge-healthcare-solutions,0
infinidat,0
techlicious,0
parking-carma,0
bidpal-network,1
sponge,1
flipter,1
omni-3,0
tongal,0
metrixlab,1
loud3r,0
otomed-center,0
sway,1
mykonos-software,1
carsing,0
zyngenia,0
qinec,0
jostle,0
folderboy,0
blackdrumm,0
telit-wireless-solutions,1
techmed-healthcare,0
gopago,1
wizboo,0
youscan,1
dti-diesel-technical-innovations,0
lancers-inc,0
voices-heard-media,0
delphi-optics-gmbh,0
beeline,1
bi-science,0
bats,0
saleswarp,1
meridea-financial-software,0
hatsize,0
accept-software,1
pond5,0
silatronix,0
araca,0
flare-code,0
rapid7,1
mobgold,0
cornerstone-pharmaceuticals,1
viveve,0
flatclub,0
tideway,1
caredox,1
telisma,1
apriso,1
biophysical-corporation,0
flx-micro,0
suphalaam-cakart-in,0
hitlab,0
paxfire,0
soa-software,0
pyreg,0
broadcast-com,1
ramp-sports,0
menlook,0
shmoop,0
layered-technologies,1
crowdcomputing-systems,0
gráfica-en-línea,0
codefast,1
central-conveyor,0
babington-group,0
roundpegg,1
lightsquared,0
cmycasa,0
forte-netservices,0
adways,0
jobssy-com,0
numara,0
itemize,0
0-6-com,0
oxford-nanopore-technologies,1
anchor-therapeutics,0
blomming,0
mindbites,0
phoenix-energy-technologies,0
greystone,0
apprenda,1
seren-photonics,0
semitech-semiconductor,0
casestack,0
marro-ws,0
heysan,1
liebo,0
foresight-biotherapeutics,1
claytonstress-com,0
palkion,0
top-doctors-labs,0
spootnic-com,0
open-places,1
billshrink,0
yaolan-com,0
earl-energy,0
towermetrix,0
ivinci-partners,0
dining-secretary,0
prometheus-energy,0
sterraclimb-llc,0
yadahome,0
rankur,0
red-butler,0
zympi,0
ammado,0
papayamobile,0
vonage,1
dextr,0
tripleseat-software,0
paradox-technology-solutions,0
bettingxpert,0
bolt-threads,0
rentmama,0
cerimon-pharmaceuticals,0
decisionpoint-systems,0
expert-medical-navigation,0
unsubscribe-com,1
rebounces,0
gauzy,0
kemia,0
stik,0
topokine-therapeutics,0
maestro-market,0
kingdom-scene-endeavors,1
beamexpress,0
semanticlabs,0
affinnova,1
opinionlab,0
medicine-bow-wind,0
bespoke-innovations,0
bunndle,0
trilogy-international-partners,0
neochord,1
mylife-com,0
sendwordnow,0
stagemark,0
dnage,0
henley-putnam-university,1
cenzic,1
causes,1
return-path,1
capture-educational-consulting-services,0
isai,0
hiddenbed,0
iken-solutions,0
source-mdx,0
mozilla,0
mainstay-medical,1
syntervention,0
nook-sleep-systems,0
surewaves,0
united-prototype,0
code71,0
imn,0
socialengine,1
thar-pharmaceuticals,1
pictarine,0
isale-global,0
microventure-marketplace,0
gander-mountain,1
slipstream,0
ingeniatrics,0
unifysquare,1
app2you,0
tailgate-technologies,0
seeclickfix,0
youbeqb,0
dalradian-resources,1
shanghai-fft,0
howgood,0
clinicbook,0
deep-nines,0
absmaterials,0
better-place,1
opnext,1
groovinads,0
explain-everything,0
technimotion,0
oberon-media,1
playspan,1
playon-sports,1
gilupi,0
strictlyrock-com,0
rhetorical-group-plc,1
victoria-plumb,0
saset-healthcare,0
expert-planet,0
padcom,1
inland-empire-components,0
mythos,1
esilicon,1
us-emergency-operations-center,0
weogeo,0
skybitz,0
stickyadstv,0
yogurtistan,0
wall-street-horizon,0
nsl-renewable-power,0
remedi-seniorcare-pharmacy,0
maxcyte,0
fairphone,0
genaudio,1
icims,0
de-spirits,0
greenwizard,1
robart,0
endavo-media-and-communications,0
blogradio,0
sensorin,0
thinksmart,1
surgery-partners,1
united-mobile-apps,0
bstock-solutions,0
the-totus-group,0
dolphin,0
revizer,0
adspert,0
onesource-virtual,0
larosco,0
shape-collage,0
inetec,1
ship-mate,1
invino,0
cardica,1
adaptive-advertising-inc,0
tvty,0
go-moment,0
sayswap,0
aramsco,1
buybox,0
subway,0
xronet,0
welcu,0
quickfilter-technologies,0
rave-mobile-safety,1
accelerize-new-media,1
reclaims,0
biofire-diagnostics,1
2b-angels,0
isirona,0
active-voice-corporation,1
spectraswitch,1
taxsutra,0
the-bondfactor-company,0
brightleaf,0
purpleteal,0
mulesoft,1
milestone-scientific,1
web-performance,0
allen-tours-inc,0
epals,1
aeolus-pharmaceuticals,1
mindjet,1
ati-physical-therapy,0
justinmind,0
avanti-mining,0
og-vegas,0
3d-biomatrix,0
avalara,1
greenbutton,1
mela-artisans,0
guialocal,0
the-highway-girl,0
medisens,0
5to1,1
petravm,0
mozoo,0
epayselect,0
hammerkit,0
aoxing-pharmaceutical,1
skiphop-com,0
diamond-multimedia,1
sparkbase,1
box,1
seguro-surgical,0
athena-design-systems,0
i-pulse,0
wildtangent,1
accu-break-pharmaceuticals,0
mcafee,1
studdex,0
mtone-wireless,1
hootsuite,1
smart-wire-grid,0
express-med-pharmacy-services,0
afferent-pharmaceuticals,1
millican,0
vivaldi-biosciences,0
certica-solutions,0
tango-networks,1
green-apple-media,0
publicvine,0
dicom-grid,1
invizeon,1
flexcom,0
surgical-theater,0
sevacall,0
jumpsoft,0
talbot-holdings,1
boostctr,1
wonga,1
insite-wireless,1
ipg,0
transenergy,0
fanfueled,0
seaweed-bath-co-,0
ecowell,0
esearchvision,0
new-media-education-ltd,0
spiration,0
banyan-biomarkers,0
fibrogen,0
social-growth-technologies,0
venminder,0
wems,0
priva-security-corporation,0
spunlive,0
celtaxsys,0
scypho,0
twinlab,0
go-net-systems,1
suitelinq,0
group-47,0
codemasters,0
g3p-technologies,0
kang-hui-medical-instrument,1
altherx-pharmaceuticals,0
slicex,0
playdo,0
j-hillburn,1
marketlive,1
encoate,0
brainwave-studios,0
wellgen,0
memberrtender-com,0
bluechilli,0
geotrac-inc,0
scintella-solutions,0
greystripe,1
ropatec,0
bill-ray-home-mobility,0
usermojo,0
isabella-products,0
heidi-shaulis,1
mimedx-group,1
broadcasting-authority-of-ireland-bai,0
amitive,1
levels-beyond,0
modelinia,0
event-source,0
shape-medical-systems,0
digital-china-information-technology-services-company,1
mro,0
essia-health,0
morph-labs,1
jigsee,1
bolongaro-trevor,0
iroko-pharmaceuticals,0
newsit,0
metconnex,0
sailthru,1
freeagent-central,1
datadog,1
liveu,1
baifendian,0
programeter,0
deal-united,0
trust-digital,1
connectquest,1
telovations,1
continuent,0
embotics-corporation,0
entellus-medical,1
cearna,0
palo-alto-networks,1
kabeexploration,0
inaura,0
meez,1
licketyship,0
microtransponder,0
wacai,1
capiota,0
niiki-pharma,0
continuum-llc,0
apx,0
lightarrow,0
cloverhill-enterprises,0
actuatedmedical,0
herrenschmiede,0
api-ai,1
optimedica,1
ozone-media-solutions,0
lumenpulse,1
etouches,1
peekaboo-mobile,1
chalkable,1
northcentral-technical-college,0
syndexa-pharmaceuticals,0
blupanda,0
clean-power-finance,1
brecis-communication,0
genetics-squared,0
aquantia,1
sancilio-and-company,0
verisim,0
ezuza,1
truefit,0
roli,0
wordlock,1
iovation,0
zevez-payments,0
minova-insurance,0
scalearc,0
genevolve-vision-diagnostics,0
global-velocity,1
sil4-systems,0
shock-treatment-management,0
matchpin,0
insight-guru,0
c-and-a-energy-services,0
steek-sa,1
carepoint-health,0
china,0
mobileaware,0
iq-technologies,0
rockmelt,1
purewow,0
seedling,1
intrexon-corporation,1
aftercollege-com,0
labcyte,0
schemalogic,1
aros-pharma,0
private-outlet,0
sandwell-community-caring-trust-scct,0
conversant-bio,0
searchme,1
edgewave-inc,1
cape-wind,0
ipscape,0
maps-indeed,0
aternity,0
1calendar,0
lyfe-kitchen,0
wikimedia-foundation,1
actiwave,0
24-7-customer,0
apex-therapeutics,0
afs-technology,0
sunborne-energy,1
green-day-cafe,0
j-kumar-infraprojects,0
hubcast,0
foodessentials,1
blastbeat,0
revnetics,0
kuaishubao-com,0
pluralsight,0
xian-haotian-biological-engineering-technology-co-ltd,0
smartassistant,0
taggstar,0
clearleap,1
capricor,1
performance-horizon-group,1
valant-medical-solutions,1
historyfile,0
schematic-labs,1
nixle,1
insync-2,0
multibind-biotec,0
site-lock,0
mobpartner,1
the-fizzback-group,1
provia-laboratories,0
imprimis-pharmaceuticals,1
twitalytic,0
athena-feminine-technologies,0
rag-bone,0
ringcube-technologies,1
powelectrics,0
gaia,1
c2call,0
mission-motors,0
technical-sales-international,0
windar-photonics,0
shompton,0
solaeromed,0
buffer,0
spice-online-retail,0
domob-network-technology-beijing-co-ltd,0
sangart,1
osisoft,0
olapic,1
pure-energy-solutions,0
cerrx,0
calando-pharmaceuticals,0
databanq,0
rfid-global-solution,0
genelabs-technologies,1
percuvision,0
payvment,1
eloancn,0
challenge-games,1
successtsm,0
extraprise,0
startup-weekend,0
sense-2,1
modumetal,1
thestreet,1
in-motion-technology,1
delphix,1
i-tv,0
gantec,0
innovation-spirits,0
fundapps,0
encryptanet-inc,0
balerin-com,0
ntelagent,1
maidsafe,0
textmetix,0
drillinginfo,0
authix-tecnologies,0
advanced-power-projects,0
benetel,0
caribou-coffee-company,1
gremln,1
accipiter-systems,1
advanced-icu-care,1
zikbit,0
communiclique,0
innerwireless,1
mspot,1
diadexus,1
therma-flite,0
fsp-instruments,0
healthplan-data-solutions,0
karmakey,0
plyce,0
veebox,1
zero-emission-energy-plants-zeep,0
secure-software,1
trapeze-networks,1
play-more,0
jellycoaster-inc,0
fashion-gps,0
enerlyte,0
zwipe,0
dermsearch,0
euthymics-bioscience,1
boyaa-interactive,1
jumio,1
kite-pharma,1
aloqa,1
pokos-communications,0
adaptivity,1
the-beauty-tribe,0
lifeio,0
innfocus-inc,0
machine-zone,1
mount-knowledge-usa,0
gyst,0
ventiva,0
kona-medical,1
carnival,0
cleveland-biolabs,1
sweetwater-energy,0
ecomom,1
cargo-cult-solutions,0
aeryon-labs,0
firmex,1
easycopay,0
zelosport,0
accelops,0
geome,0
liquidia-technologies,1
roomiepics,0
web-geo-services,0
tales2go,0
ocean-butterflies,0
watersmart-software,1
appsmyth,0
sql-sentry,0
rf-it-solutions,1
ophthonix,1
cyclos-semiconductor,0
compass-inc,0
northeast-ohio-medical-university-2,0
accedo-broadband,0
tarari,1
videonext,0
renewable-energy-group,1
global-silicon,0
hipchat,1
bidmodo,0
ivaco-rolling-mills,0
anti-microbial-solutions,0
salesportal,0
dacadoo,0
green-farms-energy-inc,0
serious-business,1
qoture,0
wellsense-technologies,0
ikasystems,1
the-climate-corporation,1
dynamic-organic-light,0
vertical-media,1
panatlanta-llc,0
cvn-networks,0
bytemobile,1
valmarc,0
accertify,1
xactium,0
nanovi,1
simpleshow,0
dejero-labs,0
data-physics-corporation,0
cnoga-medical,0
visual-iq,0
tellme,1
leapfactor,0
bragbet,1
emailfilm-technologies,0
techforward,1
u4ea-wireless,0
sambasafety,0
thwapr,0
spaboom,0
irccloud,0
everquote,0
baidu,1
whosay,1
tile-financial,0
ntr-global,1
iposi,0
snowshoefood-2,0
club-scene-network,0
simpa-networks,0
site9,1
zennor-petroleum,0
teliris,0
deezer,0
naiku,0
mnemosyne-pharmaceuticals,0
kibboko,0
practically-green,1
depomed,1
international-stem-cell-corporation,0
ehi-car-rental,1
xd-nutrition,0
snooth,1
lat49,0
tagwhat,0
gigantt,0
ej-grace,0
theracos,0
revel-body,0
medeanalytics,1
home-inventory-s-pecialists-llc,0
theasianparent,0
chanrx-corp,1
entone-technologies,0
wizards-nation,0
amtec-lcc,0
morele-net,0
celsias,0
ceelite,0
inmobiliarie,0
rebellion-photonics,0
genomatica,1
ubigrate,0
pluq,0
clearview-tower-company,0
providence-surgery,0
vbi-vaccines,1
sproom,0
tbit-sistemas,0
health-integrated,1
mobilygen,0
storm-exchange,0
tbricks,0
rvue,1
taskmit,0
groupe-athena,0
gomez-inc,1
techtium,0
typekit,1
innovative-mobile-technologies,0
connectbeam,0
nor1,1
amarin,1
liilak,0
la-reunion-virtuelle,0
custommade-ventures,1
dealertrack,1
team-my-mobile,0
blue-cod-technologies,1
oyokey,0
taskrabbit,1
1-800-dentist,0
sma-informatics,0
infopia,1
tribe,1
carmell-therapeutics,1
myinfoq,0
compliance,1
adea,1
rover-apps,1
goodytag,0
botanical-tans,0
cognio,1
nanotherics,0
wireless-environment,0
eccentex-corporation,0
outsmart,1
bioformix,0
prourocare-medical,1
geoli-st,0
search-initiatives,0
wilinx,0
synchrony,0
lucidmedia,1
liibook,0
clearpath-robotics,0
memc-electronic-materials,1
openq,0
endosense,1
lucidera,0
joyent,1
daqo-new-energy-corp,1
ereplacements,0
accessdata,0
simply-easier-payments,0
skylight-healthcare-systems,1
pacific-shore-holdings,1
apogee-informatics,0
thinkeco,1
starduck-studios,0
kindex-therapeutics,0
provenprospects-inc,0
target-software,0
total-beauty-media,1
geothermal-engineering,0
earlier-media,0
mobisante,0
biophytis,0
carecentrix,0
vuv-analytics,0
signpath-pharma,0
flogs-com,0
curious-sense,0
traiana,1
cornova,1
vida-software,0
del-palma-orthopedics,0
m2p-labs,0
gentor-resources,1
mobile-backstage,0
ispecimen,0
nyxoah,0
altos-design-automation,0
hyperbees,0
rollerscoot,0
locationary,1
stayzilla,0
game-trading-technologies-inc,0
bouf,0
redvision-system,0
basys,0
omgili,0
finestrella,0
cognitum,0
howstuffworks,1
cellworks,0
notehall,1
meta-pharmaceutical-services,0
ingo-money,0
univita-health,0
skywire-media,0
valueclick,1
sol-voltaics,1
penguin-computing,1
crowdrally,0
dreampod,0
netadmin,0
umbio,0
mobile-xl,0
way-systems,1
mesa-air-group,0
bcommunities,0
tower-cloud,1
atlas-obscura,0
foresee-results,1
jasper-design-automation,1
etect,0
imagine-3,0
xceive,1
stargen,0
effrx-pharmaceuticals,0
joblocal,0
pentaho,1
upad,0
talkbin,1
magink-display-technologies,0
recruits-com,0
icents-net,0
spideroak,0
sba-materials,1
pillars4life,1
rocketalk,0
countertack,1
hiplink,0
net-transmit-receive,0
salviol,0
transformed-apparel,0
applied-genetics-technologies-corporation,1
wongnai,0
lightspeed-genomics,0
first-choice-healthcare-solutions,0
stem-centrx,0
safetica-technologies,0
adylitica,0
brightblue,0
bettymovil,0
episerver,0
celonova,0
amedo-smart-tracking-solutions-gmbh,0
globalworx,0
vistabee,0
scivantage,1
modu,1
optisolar,1
morgan-everett,0
intersec,0
apomio,0
ohloh,1
morcom-international,0
believedigital,0
incights-mobile-solutions,0
bizen,0
dweho,0
limelock-com,0
id-analytics,1
global-roaming,0
wedit,0
castlight-health,1
physicians-reference-laboratory,0
mappn,1
buddytv,1
plures-technologies,0
cardiofocus,1
f4f-pr,0
moonshado,1
peter-blueberry,0
niti-surgical-solutions,0
dacos-software,0
biovest-international,0
everypoint,0
jayride-com,0
invensense,1
lucid-design-group,0
towercare-technologies,0
dset-corporation,1
rpx-corporation,1
realpage,1
play-megaphone,0
roi,0
smartyants,1
2c2p,0
pzoom,0
vinogusto-com,0
everspin-technologies,1
nuron-biotech,0
axeda,1
clavis-technology,1
authentidate-holding,1
quickcomm-software-solutions,0
pharmasecure,1
omgpop,1
evans-easyspace,0
bind-therapeutics,1
honestly-now,0
jic-leasing-co,0
fisker,1
victor,1
spotcast-communications,1
groxis,0
cellay,0
homeforswap,0
blueliv,0
betterfly,0
clupedia,0
dysismedical,0
a-suite-salon,0
admeta,1
conversion-innovations,0
pocared-diagnostics-ltd,0
pelotonia,0
overtime-media,1
okwave,1
careerise,0
newsy,1
ez-systems,0
bivio,1
sitebrand,1
kublax,0
hubspot,1
hyperoptic,0
guang-lian-shi-dai,0
yetu,0
svelte-medical-systems,1
vivaray,0
accelerator-corp,0
scandigital,0
yottaa,1
apprema,0
igate-patni-computers,1
ba-insight,0
amx,1
spreadshirt,0
playnatic-entertainment,0
cirba-inc,1
sanovia-corporation,1
mesoft,0
shanon,0
city-wide-towing-recovery-service,0
achronix-semiconductor,1
cue-2,0
provigent-inc,1
okairos,1
wine-ring,0
brightcove,1
worldheart,0
dragonfly,1
zeakal,0
cellixis,1
internet-identity,0
wish-days,0
recurly,0
shareyourbrain,0
polantis,0
edinburgh-robotics,0
trema-group,1
absynth-biologics,0
q2ebanking,1
education-elements,0
complete-holdings-group,0
cybra,0
conformis,1
ascalon-international,0
eno-information-technologies,0
dataslide,0
scary-mommy,0
community-peace-developers-inc,0
viamericas,0
isilon,1
diyseo,1
bam-labs,1
georgia-community-health,0
lakewood-amedex,0
sturents,0
coull,0
protein-lounge,0
trimel-pharmaceuticals,1
mowgli,0
gliatech,0
fio,0
trademarkfly,0
askvisory-com,0
mill-creek-life-sciences,0
sharemeister-inc,0
presto-engineering,0
mongodb-inc,1
rnts-media,0
hidden-city-games,0
ndreams,0
cti-science,0
arktis-radiation-detectors,0
auxilium-pharmaceuticals-inc,1
kno,1
enuvis,1
screen,0
pernix-therapeutics-inc,1
sportgenic,1
metasolv,1
padloc,0
psafe,0
sundaysky,0
solaredge,1
goshi,0
memex-automation,1
siteware,0
themoment,0
ramprate-sourcing-advisors,0
voicetrust,0
jodange,0
barspace,0
nevada-copper,0
borro,1
neocrafts,0
fingertips,0
fenix-international,0
casterstats,1
reach-clothing,0
simplivity,1
capsule-tech,1
ramco-systems,0
calix,1
one-true-media,1
vaxcare,0
kwhours,0
zettacore,0
emergent-views,0
thru-inc,1
on2,1
textaurant,0
trilliant,0
precyse,1
actifio,1
seek-your-own-proof,0
3si-security-systems,0
predictive-biosciences,0
oberon-fuels,0
clickmedix,0
skydesks,0
volly,1
genesant,0
appmobi,0
biodesix,1
nanoference,0
definition6,0
tipcity,0
tour-engine,0
corpower-ocean,0
bahamaslocal-com,0
picrate-me,0
glenrose-instruments,0
reebonz,0
bookingsync,0
centric-software,1
islet-sciences,0
tellwiki,0
liveprocess-corp,0
interpretomics,0
linkua,0
istar,0
udemy,1
vativ-technologies,1
telepo,0
shape-up-the-nation,0
medicago,1
andbio,0
philtro,0
kitara-merdia,1
videoiq,1
twinstrand-therapeutics,1
sanarus-medical,0
dogster,1
trac-emc-safety,0
zavedenia-com,0
cwr-mobility,0
produkte24-com,0
ccp-games,0
authasas,0
rawporter,0
creativ,1
dcs-plus,0
qype,1
safetec-compliance-systems,0
open-harbor,1
scl-elements,0
greensql,0
icrossing,1
junglecents,0
telera,1
zippy-shell,0
demandmart,0
sandbox,1
ecwid,0
audanika,0
canadian-playhouse-factory,0
nimbus-data,0
zabecor-pharmaceuticals,0
code-green-networks,1
blueprint-labs,0
molecular-products-group,0
every1mobile,0
lawrence-livermore-national-laboratory,0
harper-love-adhesive,0
talenz,0
storm-media-innovations-inc,0
99times-cn,0
netiq,1
twofish,1
american-advisors-group,0
pearl-systems,1
intelligent-mechatronic-systems,0
wuaki-tv,1
cell-scope,0
intra-cellular-therapies,0
sun-lite-metals,0
tate-s-bake-shop,0
paradial,0
pioneers,0
kinamu-business-solutions,0
targeted-instant-communications,0
car-reviews,0
targetspot,0
dwolla,1
unbound-technologies,0
kiosked,1
creditease,0
phasebio-pharmaceuticals,1
pathwork-diagnostics,1
precisionlender,0
pocketvillage,0
drimmi,1
alchemyapi,1
gati-infrastructure,0
md-it,0
speeddate,0
berkley-networks,1
axiom8-inc-,0
mobi,0
jumptime,1
tweetdeck,1
pocket-guide,0
bestcontractors,1
nallatech,1
myntra,1
spoonflower,0
webcollage,1
iggli,0
monaco-telematique,0
paksense,0
alto-limited,0
eyelock,0
sensorly,0
hybridcluster,1
mobshop,0
direct-trade-coffee-club,0
betabrand,1
carlipa-systems,0
edeniq,1
xconomy,0
overstock-drugstore,0
loso,0
flotime,0
webpesados,0
informeddna,1
rackup,0
chanticleer-holdings,1
gopicnic,0
matches-fashion,0
zound-industries,0
zooplus,1
istante-software,1
ventirx-pharmaceuticals,1
condogala,0
mako-surgical,1
iwikiphone-com,0
gridstore,0
piki,0
lexar-media,1
the-library,0
robin-hood-foundation,0
lifeaction-games,0
placester,1
wappwolf,0
good4u,0
digg,1
sprint-bioscience,0
obx-boatworks,0
siklu,0
oramed-pharmaceuticals,1
manyeta,0
billfaster-com,0
ruby-receptionists,0
applied-cleantech-act,0
cue,1
eris-exchange,0
honk,1
gioia-systems,0
awr-corporation,1
real-world,1
spockly,0
blurtt,0
allin-corporation,1
gan-lee-pharmaceutical-co-ltd,0
vendorshop,0
scarlet-lens-productions,0
empressr,1
libox,0
joules-clothing,0
chrono-therapeutics,1
ze-gen,0
pointcare,0
egghead-interactive,0
inradio,0
agile-planet,0
pharma-two-b,0
rentjuice,1
guided-therapeutics,1
shiny-ads,1
bccthis,0
imeem,1
backtype,1
fiberzone-networks,1
cantimer,0
fineeye-color-solutions,0
little-einstein-preschool,0
omega-diagnostics,0
pets-are-family-too,0
numedii,0
pie-digital,0
castaclip,0
targetx,0
bioconnect-systems,1
ahandyhand,0
dextrys,0
relisen,0
peribit-networks,0
sonos,1
kodeos-communications,0
diveling,0
virtualsolutions,1
coupeez-inc,0
novel-therapeutic-technologies,0
personal-on-demand,0
symbian,0
qnovo,0
instantquest,0
cartrade,0
bellicum-pharmaceuticals,1
saladax-biomedical,1
aptara,0
fresh,0
bathempire,0
passlogix,1
trident-energy,0
audiodraft,0
wombat-security-technologies,1
innovative-biologics,0
fromatob,0
navmii,0
opera-software,1
vimicro-international-corporation,1
gault-millau,0
ultralife,1
railrunner,0
nanda-technologies,1
tesorx-pharma,1
tely-labs,0
mysciencework,0
do-it-developers,0
ekompany,0
foodista,0
wentworth-technology,1
trusight,0
welltek,0
alternative-outfitters,0
holisol-logistics,0
schedjoules-com,0
latakoo,0
foxytunes,1
exodos-life-science-partners,0
verkkokauppa-com,1
foxguard-solutions,0
athletes-performance,0
darberry,1
e-academy,0
cloud-security,1
odyssey-thera,0
tailor-made-oil,0
the-electric-sheep,0
hemarina,0
helix-biomedix,0
finjan,1
smart-eye,0
akimbi-systems,1
habeas,1
iosemantics,1
rsi-content-solutions,0
rise-medical-staffing,0
perfint-healthcare,1
q-care-international,0
yonja,0
ucampus,0
2heuresavant,0
thejobpost,0
io-solar,0
slicethepie,0
think-through-learning,0
ulmart,0
vostu,1
ub-access,0
cortina-systems,1
access-integrated-healthcare,0
summit-research-labs,0
stentys,0
bokee,1
flexis,0
synchronica,1
mocana,1
lotour-com,0
be-here,0
bunchball,0
ownlocal,1
caspian-networks,0
bash-gaming,1
kovio,1
mobile-fuel,0
empyrean-benefit-solutions,0
blueleaf,0
xirrus,1
idun-pharmaceuticals,0
neocleus,0
mobile-sorcery,0
vasona-networks,0
fleet-entertainment-group,0
paytm,0
suridx,0
opensearchserver,0
durata-therapeutics,1
nanosight,0
copilot-labs,1
grosocial,1
99taojin-com,0
exerscrip,0
quisic,0
sharp-corporation,0
matomy-media-group,1
milmenus-com,0
parametric-sound,1
stripe,1
salon-media-group,1
eka-systems,1
pocket-communications-northeast,0
saperion,1
c7-group,0
aigou,0
fundsxpress-financial-network,0
beetv,0
xplore-mobility,0
jamdatmobile,1
siano-mobile-silicon,1
safe-communications,1
foundationdb,1
urgent-group,0
clairmail,1
envysion,1
dindong,0
blueroads,1
snaps,0
tengaged,0
kahua,0
cloudmach,0
manta,0
cityvice,0
zuggi,0
gonabit,1
onestop,0
socialkaty,0
shanghai-yimu-network-technology-co,0
octasic,0
mobile-posse,0
mc10,1
junk4junk,0
sungard,1
lugiron-software,0
torico-co--ltd-,0
megapolygon-corporation,0
meetup,1
spotrunner,0
rollstream,1
gw-services,0
kynetx,0
weddingful,0
idera-pharmaceuticals,1
loudclick,0
myvr,0
sub10-systems,0
simplify-corp,0
sovex,0
closet-couture,0
igea,0
intrusic,0
atbizz,0
north-american-palladium,1
justnine,0
humanoid,1
intapp,0
zeachem,0
virtual-air-guitar-company,0
article-one-partners,0
phonetell,0
apparel-media-group,0
portal-solutions,0
united-protective-technologies,0
nico,0
dxo-labs,0
navigat-group,0
martmenu,0
hal-knowledge-solutions,1
thembid,1
relativity-technologies,1
primestone,0
citytherapy,1
your-policy-manager,0
mobikon-asia,0
allocade,0
spin-media-group,1
virtual-incision-corporation,1
sazneo,1
rightsflow,1
mdxhealth,0
edgeio,1
ayrstone-productivity,0
lx-enterprises,0
weblinc,0
portable-zoo,0
standing-cloud,1
omniox,0
mimoco,0
yourstory-media-pvt-ltd,0
anda,1
tail-f-systems,1
avaya,0
sixty-second-parent,0
metabolix,1
infoflow,0
ohio-airships-inc,0
oesia,0
act-atria-convergence-technologies-pvt-ltd-,0
meraki,1
yolia-health,0
vyopta,0
dream-village,0
doublepositive,1
ecolibrium,0
imperative-networks,0
offermatica,1
tictacti,0
off-track-planet,0
opsource,1
chumbak,0
fanitics,0
core-security,0
consero-global-solution,0
osi-systems,1
obook,0
messagecast,1
mediastream,0
uievolution,1
enviance,1
waltop,0
conversocial,1
freshtemp,0
terrajoule,0
curefab,0
ontrak-software,0
invism,0
epizyme,1
voya-ge,0
sensage,1
sisaf,0
12return,0
altruista-health,0
improve-digital,0
amino,0
brickfish,0
goalbert,0
scyfix,0
musicxray,0
tokiva-technologies,0
computer-software-innovations,0
aava-mobile,0
micell-technologies,1
keynoir,1
musicshake,1
iguiders,0
thousandeyes,0
zinkotek,0
sagacity-media,0
helixis,1
root-orange,0
steelwedge-software,0
ripple-technologies,1
healthiest-employer,0
hypercontext,0
cornerstone-ondemand,1
haozu-com,0
4blox,0
eutechnyx,0
floorball-gear,0
ogio-international,0
valon-lasers,0
actsocial,1
crossroads-systems,1
dotcloud,1
382-communications,0
mob-science,1
rapt-touch,0
clicktoshop,0
zaina-pharma,0
lasercomm,0
timepad,0
xiami-music-network,0
hello-health,0
zecter,1
citizens-rx,0
hbcs,0
capevo,0
friendfund,0
in-the-chat,0
bakedcode,0
mygistics,0
semafone,0
innovative-silicon,0
axilogix-education,0
netomat,0
streambase-systems,1
baozun-commerce,1
wheelright,0
seedcamp,1
justparts,0
refresh-body,0
hyperactive-technologies,1
killerstartups,0
exuvis,1
aquinox-pharmaceuticals,1
bitaka-cards-solutions,0
versailles-international-real-estate,0
really-simple,1
ozsale,0
ihear-medical,0
vocalcom,0
yesware,1
rapport,0
paperless-post,0
headmix,0
stantum,0
trina-solar-ltd,1
vericorder-technology,0
crowdrise,0
cpm-braxis,1
iqmax,0
avalan-wireless-systems-inc,0
travelusion,0
cartiheal,0
browsercast-com,0
nationwide-specialty-finance,0
decisive-bi,0
paypal,1
mechatronic-systemtechnik,0
opensky,1
cape-city-command,0
avazu-inc,0
renren-inc,1
sparta-systems,1
robertson-global-health-solutions,0
immedia,0
lucid-commerce,1
nu-tech-foods,0
photocollect,0
tweetworks,0
lithotripsy-of-northern-indiana,1
dealersocket,0
packethop,0
prosperity-financial-services-pte-ltd,0
abtech-holdings,1
seachange-international,1
completecar-com,0
loop-trolley,0
salman-enterprises-ltd-inc,0
search-technologies-ru,0
mercateo,0
anzode,0
tango-analytics,0
the-trade-desk,1
seanodes,0
egodeus,0
cinvolve,0
ambient-corporation,1
innercircuit,0
thinfilm-electronics-asa,0
dresser-mouldings,0
orsense,0
padproof,0
bleachers,0
proveca,0
lemoptix,1
skynet-technology-international,0
uplift-education,0
say-hey,0
kannalife-sciences,0
maxymiser,1
sirakoss,0
pressflip,1
tta-marine-llc,0
groupprice,0
egidium-technologies,0
quail-surgical-pain-management-center,0
odnoklassniki,0
tuan800,0
groupme,1
small-bone-innovations,1
ocelus,0
liquid-x,0
e-logit-2,0
savedaily,0
relmada-therapeutics,1
rubysophic,0
ewireless,0
cavitronix,0
depaul-uk,0
osage-liquor-wine-spirits,0
verge-advisors,0
fired-up-christian-wear,0
ismole,0
pathgroup,0
tatango,0
usb-promos,1
twisted-pair-solutions,1
smithers-avanza,0
topicmarks,1
mvb-bank,1
b3-bio,0
surveymonkey,1
freshbag,0
cellumen,0
fresco-logic,0
starbucks,1
testplant,0
opx-biotechnologies,1
yd-world,0
votigo,0
milibris,0
zooppa,0
popularo,0
spinsnap,0
maven-research,0
dwellgreen,0
g2b-pharma,0
quick-tv,0
vizional-technologies,0
mepin,0
fastconnect,1
cardiac-dimensions,1
hizliyol-technology,0
dreamface-interactive,0
paychoice,0
miracor-medical-systems,1
appsame,0
eeye-digital-security,1
stayclassy-org,0
mashworx,0
usgi-medical,0
planview,0
telesign-corporation,0
sentilla,0
silicon-line,0
studyblue,1
d3-technology,0
webpay,1
geacom,0
vendhq,1
absolute-sports-pvt-ltd,0
fastpoint-games,1
scansocial,0
yurbuds,1
academia-rfid,0
blue-pillar,1
zomazz,0
q1-labs,1
northcore-technologies,1
atreo-medical,1
mountain-alarm,0
bdmetrics,0
sourcetrace-systems,0
ubiquity-corporation,0
trendyol,0
cryptzone,1
sensory-medical,0
great-basin-corporation,1
plastic-logic,1
socialmedia305,0
visitar,0
fashion-genome-project,0
interlink-networks,0
array-health-solutions,1
aegis,0
ohai,0
becc,0
circle-of-moms,1
evena-medical,0
managed-methods,0
incanthera,0
travelbird,0
ensogo,1
praekelt-foundation,0
vtl-group,0
maintenancenet,1
clarkson-eyecare,0
apliiq,0
azalea-health,0
protection-one,1
trivop,1
open-environment-corporation,0
arrington-management-services,0
sipwise,0
whitelight-systems,1
coupons-com,1
talknote,0
fabric7-systems,0
prolify,0
curl-stone-entertainment,0
socialpicks,1
koreaboo,0
webstudiyo-productions,0
functional-neuromodulation,0
sparkroom,1
twitvid,1
epic-research-diagnostics,0
pop-properties,0
posterous,1
orametrix,1
intuary,0
seamlessreceipts,1
reading-trails,0
merlin,0
jambotech,1
agentec,0
phone-halo,1
anaplan,0
enure-networks,0
levanta,0
paylocity,1
diditz,0
cignifi,1
shareaholic,1
savo,1
quantumdx-group,1
compete,1
sensordynamics,1
applied-nanotools,0
predictify,0
nuevostage,0
accolo,0
destinator-technologies,0
dreamfactory,1
newauto-video-technology,0
unified-inbox,1
skyway-software,0
thats-us-technologies,0
augustus-energy-partners,0
modelome,0
everlane,0
upsido,0
seven-energy,0
elastra,0
lookingglass-cyber-solutions,1
jive-communications,0
deep-domain,1
sinnet,0
epinions,0
pixability,1
stroz-friedberg,0
telnic,0
peerform,0
university-of-wollongong,0
hopscotch,1
blackbookhr,0
people-operating-technology,0
wellfount,1
gen3-partners,0
groupoff,0
dealised,0
saasassurance,0
ironstar-helsinki,0
auctionpal,0
cloudmosa,0
osmogames-com,0
openerp,1
taulia,1
haul-zing,0
the-movie-studio,0
behavioral-recognition-systems,1
aeron-lifestyle-technology,0
smartsheet,1
ls9,1
insignia-health,0
kingdom-breweries,0
guard-rfid-solutions,0
solta-medical,1
caravelo,0
softwriters-holdings,1
selvz,1
adherex-technologies,0
eventful,1
jobzippers,0
yavalu,0
seven-networks,0
tactonic-technologies,0
extended-care-information-network,1
investlab,0
counsyl,1
bioptigen,1
analyte-logic,0
deal-acceleration,0
medplexus,0
subhub,0
axiomatics,0
bill-com,1
sandbridge-technologies,0
joost,1
practo-technologies-pvt-ltd,0
ustrendy,0
flockofbirds,0
key-travel,0
jpg-technologies,0
data-connect-corporation,0
big-fish-games,1
kilimanjaro-energy,0
aupeo,1
buguroo,0
spoken-communications,1
lit-motors,0
vendavo,1
sypherlink,0
char-software,1
geni,1
medico-com,0
hazeltree,0
altius-space-machines,0
ppi,0
virtual-computer,1
netdialog,0
limerick-biopharma,1
zingle,0
publicstuff,1
betklub,0
vertical-communications-2,1
cardomain-network,1
rue-de-la-paye,0
onlineprinters,0
glammedia,1
cellspin,0
find-invest-grow-fig,0
nexidia,1
the-delfin-project,0
fk-biotecnologia,0
new-media-gateway,1
coradiant,1
zopa,1
biohorizons,0
industriaplex,0
glaukos,1
smeet-communication,0
smartcrowds,0
perfect-market,1
danotek-motion-technologies,0
seekingalpha,0
dolphin-geeks,0
koofers,1
firmafon,0
innomed-technologies,0
xgraph,1
eventials,0
sapheon,1
texthog,0
crunchyroll,1
ac-moore-craft-store,1
glidetv,0
moon-express-inc,0
docusign,1
demandforce,1
bountii,1
unicorn-production-llc-dba-baby-beluga-seafood-and-oyster-bar,0
amresorts,0
scanntech,0
traffiq,1
glovico,0
tappngo,0
skinphototextmatch-com,0
cloudsteel-llc,0
bottomline-technologies,1
phoenix-enterprise-computing-services,0
joongel,0
earlens,1
akaaki,0
99bill,1
clicknation,0
omegagenesis,0
eagle-test-systems,1
technisys-net,0
arizona-security,0
splendia,0
dita-exchange,0
best-apps-market,1
zepass,0
faves,1
webrage-2,0
togic-software,0
blue-crow-media,0
autognomics,0
sr-labs,0
snaptalent,0
la-renon,0
rooibee-red-tea,0
law-pivot,1
designerscouch,0
jet-set-games,0
axismobile,1
gamblit-gaming,0
fatskunk,0
ecochlor,1
fusion-garage,0
ascentify,0
codebaby,1
gryphon-networks,0
infineta-systems,0
print-io,0
algolytics,0
248-solidstate,0
y-klub,0
ventas-privadas,0
aquamobile,0
litescape-technologies,0
efolder,0
a-e-complete-home-services,0
taste-indy-food-tours,0
zuznow,0
arcterus,0
vinivi,0
connxus,0
alva-group,1
comverging-technologies,0
vapps,1
healthcare-bluebook,0
channeladvisor,1
via680,0
university-of-hawaii,0
cortechs-labs,0
ameritech-college,0
virgin-play,0
viaview,0
branding-brand,0
smr-site,0
ryzing,1
shopwell,1
okeyko,0
logictree,0
assured-information-security,0
universal-robots,1
247-learning-private,0
simperium,1
shieldeffect,0
staila-technologies,0
farmer-s-edge-laboratories,0
granite-horizon,0
digitalglobe,1
coda-therapeutics,1
allocure,1
gamma-enterprise-technologies,1
geodelic-systems,1
id-america,0
freestride-therapeutics,0
stardoll,0
market-force-information,0
cardstar,1
innalabs-holding,0
kcf-technologies-inc,0
vnatek,0
komar-games,0
variable,1
medrio,0
proxibid,0
scribblelive,1
ornim-medical,0
infoxel,0
kerecis,1
hiperscan,0
sentrigo,1
scality,1
actblue,0
platypus-craft,0
internet-gold-golden-lines,1
celltick-technologies,1
cheyipai,1
applied-identity,0
healthequity,1
bemodel,1
somedia-bbn3,1
interactive-motion-technologies,0
gydget,1
shozu,1
ki-work,0
viclone,1
everlater,1
ground-zero-group-corporation,0
business-propulsion-systems,0
seventymm,0
grapevine-talk,0
glyde,0
demandpoint,0
amino-communications,0
orderborder,0
lgdb-com,0
genieo,1
solar-power-limited,0
tripwolf,0
silex-microsystems,0
changers,0
nanoh2o,1
clasemovil,0
immune-targeting-systems,1
imaste,1
expressor-software,1
best-learning-english,0
linguastat,0
abbey-pharma,0
taglocity,0
as-seen-on-tv,1
cloudshare,0
renewal-technologies,0
arrive-technologies,0
nexalogy,0
solarreserve,0
madbid-com,0
supply-vision,0
finisar,1
anyvite,0
boozt-fashion,0
ipplex,0
sutures-india,0
planet-soho,1
xcloud,0
zipidee,1
spiralfrog,1
hexaformer,0
gruppo-mutuionline,0
derbysoft,1
alchemia-oncology,0
firecomms,1
cymbet,1
torax-medical,1
hightower-advisors,0
devicefidelity,1
surgical-care-affiliates,1
alliance-card,0
avra,0
musicmetric,0
broadhop,1
conga-2,0
pro-stream,0
mywot-com,0
standard-renewable-energy,1
isquare,0
bright-power,0
sirona-biochem,0
webradar,0
party-earth,0
rifftrax,0
hybrid-electric-vehicle-technologies,0
mobilitie,0
merus-power-dynamics,0
b2m-solutions,0
shopkick,1
rqx-pharmaceuticals,0
mediainterface-dresden,0
segway,1
amsc,1
posit-science,0
shopsocially,0
solsoft,1
disconnect,0
zipscene,1
parchment,1
arcmail,1
tmm-inc,0
intelicloud,1
check24,0
maculogix,1
lt-technologies,0
leaf-solar-power,0
palantir-technologies,1
anttenna,1
healthwyse,0
ac-immune-sa,0
moe-delo,0
community-fuels,0
filmaster,1
draftstreet,1
smart-flour-foods,0
mass-ave-bike-and-brew,0
symplified,1
entrepreneurship-center-incubator,0
kolltan-pharmaceuticals,1
adready,1
envestnet,1
workle,0
impac-medical-system,1
rank-by-search,0
thedigitel,0
mblox,1
metagenomix,0
atmail,0
brightarch,0
achieve3000,0
needl,0
turning-ranch,0
core-oncology,0
knockatv,0
vital-access,1
mediaplatform,1
4tiitoo,1
crowdcube,0
gold-standard-diagnostics,0
crichq,1
workingpoint,1
skills-matter,0
zapa,0
tut-systems,0
help-systems,1
sportingo,1
codegroup,0
pactera,1
life-sciences-discovery-fund,0
eseye,0
shoette,0
clk-design-automation,0
spinnakr,0
andover-education-2,0
nexx-studio,0
icetana,0
connectv-com,0
okazjum-pl,0
tokai-pharmaceuticals,1
loadspring-solutions,0
deliveryagent,1
corm-capital,0
hanintel,0
fixmo,1
evolutionary-genomics,0
psykosoft,0
guerillapps,0
doctor-at-work,0
envisage-technologies,0
abo-data,0
achaogen,1
homeunion-services,0
hopstop-com,1
fashiolista,0
abbott,1
plexxi,1
home-inns,0
cytologic,0
digidentity,0
ibetor,0
softricity,1
haven-hill-homestead,0
cmune,0
gunzoo,0
acacia-semiconductor,0
vicarious-systems-inc,1
stratuscore,0
forefront-telecare,0
vindicia,1
rocketick,0
hemoteq,1
robosoft-technologies,0
jumptheclub,0
flasma,0
xiami-radio,0
tonix-pharmaceuticals-holding,1
calmsea,1
ezono,0
orthera,0
netchemia,1
vulev,0
caisson-laboratories,0
american-biocare,0
language-systems,0
privcap,0
zykis,0
adeze,0
trg-companies,0
emergent-payments,1
terra-tech,0
whatclinic-com,0
centrobit-agora,0
akamedia,0
deal-co-op,0
uprizer-labs,1
intrepid-bioinformatics,0
relatient,0
ivwatch,1
mipso,0
aesthetic-everything®-social-network,0
optimal-technologies,0
map-pharmaceuticals,1
luxim,1
rewardsnap,0
adap-tv,1
bocada,0
ccam-biotherapeutics,1
sidekick-games,0
topcoder,1
004-technologies,0
flashtalking,0
rampedmedia,0
mobilitrix,0
centage-corporation,0
nexus-ewater,0
coverhound,1
redfish-instruments-inc,0
club-santa-mnica,0
pepper-4,0
sustainability-roundtable,0
trovit,1
webtab,0
auditude,1
accion-texas,0
zmp,0
rome2rio,1
avalon-healthcare-holdings,0
weblink-international,1
novica-united,0
fastcap,0
mmb,1
meta-industries,0
saffron-technology,1
slimpay,0
firststreet-for-boomers-beyond,0
netseer,0
footnote,0
flix-innovations-ltd,0
ceuticare,0
amoeba,0
echopass-corporation,1
buddymedia,1
mogad,1
viacor,0
dotblu,0
vology,0
roqbot,0
one2many,0
blue-frog-gaming,0
swrve-new-media,1
exajoule,0
spotigo,0
zalando,1
getable,0
teikon,0
carwego,0
agencourt-bioscience,1
power-assure,1
vionlabs,0
seaowl,0
tampa-bay-wave,0
trustpilot,1
veeda,0
connectyourcare,0
qcoefficient-inc,0
markavip,0
motive-power-system,0
daily-grommet,1
gen9,1
eevent,0
vigilistics,0
advanced-in-vitro-cell-technologies,1
satmex,1
promax-nutrition,0
cogentus-pharmaceuticals,0
2345-com,0
fast-asset,0
xtuple,0
causecast,0
proa-medical,1
rentbits,0
praxcell,0
zeptor,0
yoonew,1
natural-restoration-partners,0
delta-data-software,0
neosaej,1
neuaer,0
farmbuy,0
barcol-air-usa,0
daegis,1
sage-telecom,0
jamorigin,0
mom-made-foods,0
visen-medical,0
ad2games,1
vrl-logistics,0
amendia,0
verishow,1
carbon-ads,1
telnyx,0
birthdayslam-com,1
etuktuk,0
ironplanet,1
construction-software-technologies,1
auspex-pharmaceuticals,1
arcadia-ecoenergies,0
objectway,0
qbe,0
unreal-brands,0
streamline-computing,0
clevru,0
candiag,0
little-red-wagon-technologies,1
minerva-surgical,0
liases-foras,0
bolsa-de-mulher-group,1
keen-impressions,0
iamplify,0
information-security-corporation,0
nextdocs,0
proximic,1
l4-mobile,0
anaeco,1
capeco,0
hearsay-social,1
vhx,0
apexigen,0
playfire,1
roblox,0
washington-university-school-of-medicine,0
3225-films,0
lighter-capital,0
automsoft,0
zafu-com,0
global-wine-export,0
global-bay-mobile,1
xierkang,0
kobojo,0
allele-biotech,0
exozet,0
cdi-computer-distribution-inc,0
isabella-oliver,0
escapeer-com,1
1stdibs,1
pasteuria-bioscience,1
planet-metrics,0
geodynamics,0
service-seeking,0
ganymed-pharmaceuticals,0
jalbum,0
zenfolio,1
splore,0
lorus-therapeutics,1
the-label-corp,0
n4g-com,0
streetlight-data,0
touchlocal,0
eventbuilder,0
bueeno,0
ability-network,1
brainstage,0
paperc,0
mitomics,0
sms-thl-holdings,0
acision,1
polymer-vision,0
visual-realm-inc,0
new-york-trust,0
global-industry,0
tearlab-corporation,1
vois,0
cal-quantum-therapeutics-div,0
secure-media-solutions,1
biosensia,0
hcs-control-systems,0
alta-devices,1
transcorp,0
jirafe,0
everbridge,1
austhink-software,0
telefix-communications-holdings,0
base79,1
fleetcor-technologies,1
digital-specialty-chemicals,0
lilluxe,0
blue-ridge-networks,0
valmet-automotive,0
shellfire,0
avelle,0
american-dental-partners,1
chukong-technologies,1
uk-eastlondon-asian-inc,0
huffingtonpost,1
youcalc,1
gettaxi,1
fungoplay,1
king,1
lifestyle-air-llc,0
shuttlecloud,0
lakala,0
ease-entertainment-services,0
twentyfour6,0
greatcall,0
planetwide-media,1
dinomarket,0
online-warmongers,0
algenol-biofuel,0
mefeedia,1
dailyplaces-gmbh,0
auto22,0
shanghai-guanyi-software-science-and-technology,0
all-copy-products,0
ccm-benchmark,0
snaptracs,1
azendoo,0
entheos-enterprises-public-benefit-corporation,0
jiva-technology,0
zkattter,0
rule-fm,1
common-ground,0
motherknows,0
fairsoftware,0
medaptus,0
lodo-software,1
rakuten,1
cohesive-technologies,1
replicon,0
kereos,0
polyera,1
eloqua,1
acon,0
dq-entertainment,0
sosh,1
filmmortal,0
metastorm,1
mobango,0
mangia,0
nubee,0
nicepeopleatwork,0
dealbird,0
eatstreet,1
somoto,0
znaptag,0
whitefence,0
sweetiq-analytics,0
fabler-comics,0
therapeutic-proteins,0
covario,1
organic-church-today,0
axial-exchange,1
cellcentric,0
arcsoft,0
atomoo,0
liversvp,0
xtera-communications-inc,1
increo-solutions,1
bmdr,0
deskgod,0
oxyrane-uk,0
nusirt,1
3d-vision-systems,0
linkfluence,0
oncomed-pharmaceuticals,1
grab-networks,1
zuppler,1
parttec,0
derp-technologies,0
codesion,1
grabbit,0
adaptive-biotechnologies,1
arkados-group,0
zachary-prell,0
teamlinks,0
ftapi-software,1
my-city-way,0
canvas,1
movity-com,1
fieldview-solutions,0
memberconnection,0
systinet,1
symmetric-computing,0
sassor,0
hx-diagnostics,0
icreate-software,0
crescentrating,0
lightspace-technologies,0
xenon-arc,0
brainient,0
alphasmart,1
mosambee,0
marketforce-one,0
controlcircle,1
imperative-energy,0
tutamee,0
alt-bioscience,0
bonitasoft,0
networkingphoenix-com,0
corpsolv,0
dermagen,0
linguanext,0
movaris,1
fortress-risk-management,0
quantum-group,0
mavizon-technologies,0
pango,0
ugenius-technology,0
biotix,0
signnow,1
next-co,1
toms-shoes,1
keyon-communications-holdings,1
idinteract,0
corhythm,0
berg-cloud,0
ppg-industries,1
camsemi,1
m-cubed-technologies,0
ocz-technology,1
servicerelated,0
wrike,0
st-georges-university,0
greener-expressions,0
cambridge-cmos-sensors,1
ngaged-software-inc,0
gobalto,1
recondo,0
compass,1
lumension,0
entertainment-media-works,0
indoo-rs,0
triad-technology-partners,0
aragon-pharmaceuticals,1
respectance,0
sikorsky-aircraft,1
mynewplace,1
icondial,1
abc-live,0
eis-analytics,0
altigen-communications,1
dataart,0
mi-pay,0
intervalve,1
nervogrid,1
qx-corporation,0
navman,1
stylepit,1
lifeline-ventures,0
gigi-hill,0
north-carolina-biotechnology-center,0
ascent-corporation,0
tracelink,1
common-curriculum,0
kampyle,0
ceres-nanosciences,0
zoodak,0
mattersight-corp,1
typerings-com,0
pearlchain-net,0
my-best-interest,0
healthcare-interactive,0
boomtime,0
shuoren-hitech,0
bplats,0
nanotech-security,1
mygreek,0
control-de-pacientes,0
multicast-media,1
beyondcore,0
golark,0
athoc,1
dimdim,1
ktm-advance,0
attune-technologies,0
netguardians,0
paramit-corporation,0
klir-technologies,0
kingdee,1
dealtraction,0
lumi,0
korrio,0
jiangsu-sanhuan-industrial-group,0
checkinon-me,0
cerebrotech-medical-systems,1
fourward-thought,0
matomy,1
playcast-media,0
binary-fountain,0
techpoint,0
tianjin-bonna-agela-technologies,0
leankit,0
inroom-broadcasting,0
y-combinator,0
pie-software,0
apenimed,1
second-sight,1
valtech-cardio,1
ovagene-oncology,0
bicon-pharmaceutical,0
lvmama,1
better-atm-services,0
viigo,1
usertesting-com,0
tadcast,0
my6sense,1
broken-buy,0
ua-tech-dev-foundation,0
lekiosk,0
pump-aid,0
star-stable-entertainment-ab,0
dynamic-mobile-data,0
daniel-s-jewelers,0
openhatch,0
cervilenz,1
trialpay,1
nanya-technology-corporation,1
searchforce,0
mobile-tracing-services,0
cocc,0
cymabay-therapeutics,1
meep,0
jbh-consulting-group,0
centive,1
brill-street-company,0
american-science-and-engineering,1
integrated-ordering-systems,0
noise-freaks,0
ozura,1
evolver,1
verysell-group,0
1-800-doctors,0
3dsoc,0
mywedding,0
contextweb,1
ipic-theaters,0
wave-systems,1
beyond-com,0
culpepper-s-bar-grill,0
gpal,0
adapteva,0
galaxy-digital,0
chaikin-analytics,1
weblicon-technologies,0
loffles,0
covacsis,0
macoscope,0
visys,1
picolight,1
xiaoi-robert,0
crs-electronics,1
sweepery,0
meetme,0
arcot-systems,1
communication-science,0
cambrianhouse,0
maven7,0
vuze,1
engana-pty,0
american-learning-corporation,0
continuity-engine,1
ipx,0
college-snack-attack,0
discoverx,0
statsmix,1
endotronix,1
cahaba-pharmaceuticals,1
petra-solar,0
coronado-biosciences,1
healthcare-corporation-of-america,0
ziegler,1
paymetric,1
click-grow,0
parsley-energy,0
primekss,0
doctorbase,1
monteris-medical,1
ettain-group-inc,0
offsite-care-resources,0
expan,0
virtual-expert-clinics,1
birddog-solutions,0
fosdev,0
biogazelle,0
zentrick,0
artisan-mobile,1
infogile-technologies,0
linestream-technologies,0
c12-energy,0
myalert,1
readypulse,1
dealperk,1
huje-labs,0
fusionone-electronic-healthcare,0
availpro,0
research-for-good,0
koollearning,0
befunky,0
viroxis,0
volas-entertainment,1
rentshare,0
transonic-combustion,0
juhayna-food-industries,0
wirescan,0
bg-medicine,1
spring-partners,0
kaixin,0
ateeda,0
bagnacauda-co---ltd-,0
peel,1
safeawake,0
knowledge-delivery-systems,1
constellation-research,0
pingg,1
niveus-medical,0
extreme-fliers,0
scup,1
ptmind,0
lucky-cart,0
the-online-project,0
clark-enterprises-2000-inc,0
terraplay-systems,1
emn8,1
affordable-renovations,0
danal,0
starsightings,0
24symbols,0
my-dentist,1
onekreate,0
sohu,1
gree,1
big-super-search,0
new-river-innovation,0
aricent,0
juice-in-the-city,0
wsi-onlinebiz,0
meetmoi,1
enforta,0
psicofxp-com,0
livebuzz-inc,0
zerocater,0
rising,0
financial-software-systems,0
indochino,1
convo-communications,0
cabeasy,0
generationone,0
scoregrid,0
dataxu,1
imergy-power-systems-inc,0
inversiones-com,0
panxchange,0
alpinereplay,0
wink,1
delimedia,1
cubicl,0
predixion-software,1
njini,0
imicroq,0
emoov,0
veliq,0
pristones,0
general-sentiment,0
evolva,0
piczo,1
eyejot,0
trino-therapeutics,0
cystinosis-research-foundation,0
collabera,0
octamer,0
homefront-learning-center,0
duroline,0
ethical-community,1
university-of-hawaii-at-manoa-2,0
smoltek,0
hi-stor-technologies,0
credit-coach-electronic-services,0
bliss-healthcare,0
juneau-biosciences,1
yodlee,1
coocoo,0
hoffmeister-leuchten,0
the-catch-group,0
canvera-digital-technologies,1
psioxus-therapeutics,0
wadeco-specialties,0
helpmerent-com,0
lingo-live,0
etogas,0
who-what-wear,0
mypublisher,1
nobles-medical-technologies,0
deline-jy-inc,0
insight-communications,1
tabletkiosk,0
mobaloo,0
macrocure,1
ce-interactive,1
citizenhawk,1
cambridge-heart,1
orthoscan,1
waverx,0
myriant-technologies,0
searchmetrics,1
bizweb-vn,0
evercompliant,0
xintec,0
hangzhou-kubao-science-and-technology-co-ltd,0
ruffalocody,0
sarasota-medical-products,0
sonendo,1
sci-marketview,0
pinkdingo,0
rock-health,0
comparabien-com,0
lantech,0
blu-sky,0
sambazon,1
public-radio-exchange,0
biscotti,1
roomorama,0
chatterplug,0
digipix,0
mobileapps-com,0
abpathfinder,0
groupalia,1
123contactform,0
puppet-labs,1
jiglu,0
profusa,0
voxel-dot-net,1
biodata,0
openx,1
satiety,0
source-technologies,0
dynadec,0
zipmark,0
xvionics,0
lumec-control-products,0
ucdplus,0
broadbandchoices,0
navagis,0
procept-biorobotics,0
youfastunlock,0
p2-science,1
audiencescience,1
ipdatatel,0
red-lambda,1
datarose,0
agile-therapeutics,1
cytomx-therapeutics,1
kotura,1
funkedup,0
reglobe,0
artimi,0
tengrade,0
i-dispo,0
roundcorner,0
lumedyne-technologies,0
prudent-energy,0
eventfinder,1
revelry-brands,0
the-edge-in-college-prep,0
getfound-ie,0
adesto-technologies,1
epubli-gmbh,0
gen-one-cig,0
faction-skis,1
mind-candy,0
aaron-andrews-apparel,0
twof,0
optimaltest,1
pinpointe,0
jam-technologies,0
beeline-technologies,1
orbis-biosciences,0
strangelogic,0
nanolumens,1
vivareal,1
p3-new-media,0
amatra-smartsource,0
campaignercrm,0
mobilepeak,0
wintegra,1
viscount-systems,1
likewise-software,1
legacy-income-properties,0
vindico-pharmaceuticals,0
iwidgets,1
bioniz,0
fibocom-wireless,0
clearmomentum,1
proretina-therapeutics,0
optima-neuroscience,0
mogime,0
nordicplan,0
hugo-debra-natural,0
one-song,0
superprofs,0
plc-diagnostics,0
ecareer,0
amcom-software,1
smartpay-jieyin,0
arkansas-science-technology-authority,0
epis,0
dxna,0
openpeak,1
goodman-networks,1
apama-medical,0
enfold-inc,0
reffpedia,0
snowman,0
epay-systems,0
savortex,0
zadspace,0
volpara-solutions,0
puzzlesocial,0
money360,0
netkey,1
brownstein-egusa,0
nextprinciples,1
pagelever,1
stereovision-imaging,0
bitwave,1
postpath,1
year-up,1
west-world-media,1
scanr,0
wooshii,0
wistar-institute,0
rentmonitor,0
emergency-service-partners,0
piehole,0
lifesum,0
teespy,0
process-relations,0
freshfetch-pet-foods,0
thefuturefm,0
factery,0
eventioz,1
sino-gas-energy,0
gridx,0
firstplay,0
glycode,0
mobidough,0
organics-rx,0
eso-technologies,0
regenobody-holdings-inc,0
get-holding-nv,0
digital-path,0
phoenix-books,0
peerpong,0
earthwise-ferries-uganda-limited,0
realtime-technology,1
food52,0
dialectica,0
magnum-semiconductor,1
kmsocial,0
top-rops,0
metheor-therapeutics,0
rescue-forensics,0
softwarecellularnetwork,0
enlighted,1
betterfinance,1
autouncle,0
medical-joyworks,0
precursor-energetics,1
avinity,1
synapsense,1
glo-science,0
venturebeat,1
placefirst,0
lanx,1
spotlight-ticket-management,0
incarda-therapeutics,0
bestsecret-com,0
flywheel-sports,0
wuiper,0
qualtr,1
cv-properties,0
ubi-video,0
multipop,0
amicrobe,0
algaeon,0
potbelly-sandwich-works,1
baton-rouge-homes,0
dreamworks-animation,1
edge-music-network,0
cool-city-avionics,0
omnilytics,0
e-studiolive,0
e-e-enterprises-global,0
nextivity,0
zosano-pharma,1
resolve-therapeutics,0
tellapart,1
poslavu,0
bakbone-software,1
teamsnap,1
99dresses,0
grupo-a,0
dealhamster,0
scsg-ea-acquisition-company,0
popularmedia,1
policystat,0
wireless-toyz,0
bluefin-labs,1
human-factor-analytics-inc,0
vmixmedia,1
glycomimetics,1
miso-media,0
key-research,0
inty,0
icagen,1
best-money-decisions,0
monsoon-commerce,1
pyramid-analytics,0
beautylish,0
clinicient,1
gamelayers,0
transaction-wireless,0
lightspan-inc,0
ies,1
tasty-labs,1
accreon,0
bridgeport-networks,1
luzern-solutions,0
hangzhou-fun-city,0
planbus,0
autoquake,1
peptivir,0
stumbleupon,1
nabsys,1
onedrum,1
band-metrics,0
shanghai-ane-logistics,0
gera-it,0
schoox,0
beibamboo,0
thinkspeed,0
j-j-solutions,0
china-f-b,0
fantasy-shopper,0
invia-cz,0
momentum-machines,0
bluegrass-vascular-technologies,0
prosper,1
northwest-analytical,0
1366-technologies,1
callidus-software,1
portero,0
ageia-technologies,1
exagen-diagnostics,1
babelgum,1
harris-research,0
ip-access,1
xagenic,1
solar-green-energy,0
aravo-solutions-inc,1
newforma,0
endgenitor-technologies,0
vayavya-labs,0
lumate,1
for-arts-sake-media,0
zenvault-medical,0
lukup,1
ecosense-lighting,1
zoomabet,0
peopleadmin,1
wallerius,0
orqis-medical,0
public-verification,0
whitehatt-technologies,0
palmer-hargreaves,0
santaro-interactive-entertainment-stie,0
kaj-hospitality,0
miradia,0
helmi-technologies,0
clean-emission-fluids,0
ithera-medical,0
digital-foodie-ltd,0
thermodynamic-process-control,0
sportpost-com,0
cakefinancial,1
lexicon-pharmaceuticals,1
phlexglobal,0
clinovo,0
mirna-therapeutics,1
allmoxy,0
procura,0
bookshout-2,0
cyclone-power-technologies,0
cigital,0
runa,1
intec-pharma,1
actinium-pharmaceuticals,1
leadpoint,1
eq-works,0
socialbuy,0
exit41,1
provesica,0
bluespec,1
gamma-basics,0
global-axcess,1
federatedmedia,1
rocket-lab,0
creative-circle-advertising-solutions,0
cobiscorp,0
graphene-technologies,0
pagescience,0
storefront-net,1
novafora,0
livinglymedia,0
eharmony,0
scaleout-software,0
broadcast-pix,1
sionex,0
stat-diagnostica,0
apex-clean-energy,0
netmotion-wireless,1
heliospectra,0
jammin-java,0
the-fred-rogers,0
awesomize-me,0
o9-solutions,1
repairpal,1
bodyguardz,0
met-tech,0
luxr,0
jbf,0
huy-vietnam,0
eliza-corporation,0
fusionpipe-software-solutions,0
insight-energy-inc,0
ironport,1
angioscore,1
liberator-medical-supply,1
ibiquity-digital-corporation,1
phrazit,0
evolv-on-demand,1
keranetics,0
aloompa,0
intentio,0
redtail-solutions,0
nethooks,0
wipit,1
myoptique-group,1
deltek,1
tissuelab,0
3floz-com,0
signeasy,0
zumigo,0
deep-identity,0
surgicount-medical,0
filao,0
mcash,1
barosense,1
halon-security,0
zane-benefits-inc,0
twin-star-ecs,0
performable,1
social-strategy,0
aldera,0
pickrset,0
reformation,0
sandow,0
prenova,1
covertix,1
kai-medical,0
gridapp-systems,1
rehab-documentation,1
scientific-intake,1
socialgo,1
venmo,1
amerigen-pharmaceuticals,0
ener1,1
n12-technologies,0
yeehoo-group,0
perkstreet-financial,0
dayanas-one-stop-salon,0
solx,0
wellness-forever-medicare,0
like,1
yy-inc,1
techlive,0
software-technology,0
pg40-consulting-group,0
credit-aid-software,0
plurchase,0
empact-interactive-media-inc,0
become,1
whiteglove-house-call-health,0
laser-motive,0
meditrina-pharmaceuticals-inc,0
kiss-metrics,0
fluxdrive,0
omprompt,0
arabhardware,0
solasta,0
location-based-technologies,1
mybuys,1
shopsavvy,1
onehub,1
peoplease,0
the-box,0
triloq,0
beta-o2-technologies,0
cityvoter,0
botanocap,0
nanobiotix,0
carcharging,0
red-herring,0
attracta,0
whoseview-com,0
beactica-ab,0
voxound,0
uchi-navi,0
designerpages,1
gointegro,0
blue-danube-labs,0
avancert,0
leisurelink,1
lattice-engines,1
dynamixyz,0
acucar-guarani,0
moblico,0
dbi-services,0
soane-energy,0
clique-media-3,0
hoover-container-solutions,0
kyte,1
lionworks,0
hoosier-hot-dogs-inc,0
green-clean,0
bath-planet-of-rockford,0
onepagecrm,0
impero-software-limited,0
logicalware,0
jott-messenger,0
asset-international,1
tracktik,0
dong-energy,0
tiberium,0
eyetechcare,0
zipit-wireless,1
discrete-sport,0
achates-power,0
qe-ventures,0
berggi,0
arc-medical-devices,1
avontrust-group,0
jimdo,0
innoveco,0
texthub,0
sgx-pharmaceuticals,1
oxford-immunotec,1
medivision,0
ej2-communications,0
resident-gifts,0
minutekey,1
kormeli,0
arrow-therapeutics,1
spazzles,0
fast-felt,0
miselu-inc,0
generations-home-repair,0
dogi,0
careland,0
full-capture-solutions,0
fiberstar,0
xiotech,0
datacraft-solutions,0
mindshift-technologies,1
organica-water,0
parking-in-motion,1
molecular-imaging-research,1
bloggersbase,0
quic-financial-technologies,0
bonesupport,1
motribe,1
auctionpay,1
hci,1
forma-therapeutics,1
conviva,1
this-week-in,0
hope-foods,0
mobileiron,1
true-blue-fluid-systems,0
therightapi,0
lookery,1
ziffi,0
qteros,1
med-access,0
beinsync,1
trueex,1
helix-health,0
cve-group,0
mojix,0
get10,0
tumanitas,0
frame-media,1
fourth-wall-studios,0
pharmain,0
hyperion-solutions,1
appmakr,1
medialets,1
appattach,0
activation-life,0
drc-computer,1
startups-in,0
imagespike,0
arkansas-genomics-llc,0
videojug,1
ppro-financial-ltd,0
ansrsource,0
ruci-cn,0
zep-solar,1
moda-in-pelle,0
jazd-markets,0
llobe,0
xplornet-communications,0
depotpoint,0
infina-connect-healthcare-systems,1
drivable,0
winshuttle,0
mportico,1
sera-prognostics,1
anaptysbio,1
docphin,0
crm-software,0
ambarella,1
whale-communications,1
eti-international,1
optireno,0
mediastay,0
brilig,0
brainstorm-cell-therapeutics,1
newzstand,0
justintv,0
performance-werks-racing,0
virtual-telephone-telegraph,0
oryzon-genomics,0
wakoopa,1
black-swan-energy,0
maxware,0
providence-surgery-centers,1
winweb,0
general-dynamics,1
the-bearmill-of-amarillo-l-l-c,0
kalos-therapeutics,0
waterstone-pharmaceuticals,0
apieron,1
ipercast,0
neophotonics,1
docutap,1
learn-it-systems,0
loku,0
american-pathology-partners,0
imusica,0
p2p-next,0
silverpop,1
onsite-care,0
datavote,0
xianguo,0
lucid-holdings,0
ryan,0
hipway,0
cuculus,0
general-fusion,1
neven-vision,1
designpax,0
itineris,0
pure-elegance-tv,0
mod-systems,0
calnex-solutions,0
blue-water-technologies,0
avantis-medical-systems,1
sounday,0
exact-sciences,1
cpower,1
fabric-technologies,0
atlas-spine,0
byallaccounts,1
illuminate-solutions,0
shocking-technologies,1
3scale,0
blue-lane-technologies,1
teledna,0
eaton,1
vitapath-genetics,1
project-manager,1
brain-parade,0
biospect,0
insly,0
keyvive,0
power-com,0
iexerci-se,0
lambert-contracts,0
icabbi,0
larada-sciences,0
bijlipay,0
avst,0
skillsbite-com,0
scoopler-inc,1
akshay-wellness,0
soicos,0
personal-factory,0
wearesupernova,1
new-futuro,0
skc-communications,0
glopos-technology,0
nextvr,0
immune-pharmaceuticals,1
crispy-gamer,0
enchanted-lighting,0
rivermeadow-software,1
netvision,1
mogl,1
senova-systems,0
clarity-payment-solutions,1
thoughtful-media,0
view2gether,0
gravity-renewables,0
yunno,0
businesselite,0
zoomin,1
i2we,0
glarity,0
xo-group,1
resonant-sensors-inc,0
manhattan-labs,0
docsolid,0
ubiquity-servers,0
signiant,0
myhealthteams,0
acronis,0
bossa-nova-robotics-inc,0
pathways-platform,0
nazara-technologies,0
real-estate-direct,0
delivery-club,1
chart-io,1
thames-card-technology,0
mobilewalla,0
critical-telecom,0
rome-corporation,1
locr,0
finsphere,1
orthoaccel-technologies,1
lifeimage,1
sansan,1
linguee,0
aminex-therapeutics,0
infusionsoft,1
livio-radio,1
smisson-cartledge-biomedical,1
crowdsavings,1
captivemotion,0
physware,1
imindi,0
autism-home-support-services,0
shanxi-zinc-industry-group-co-ltd,0
talentspring,1
ygrene-energy-fund,0
keyade,0
twigmore,0
bloomboard,0
heartware-international,1
total-immersion,0
sugarsync,1
distra,1
zephyr-health,0
jobandtalent,1
girly-stuff-inc,0
kinesense,0
my-true-fit,0
smallaa,0
embee-mobile,0
crossbow-technologies,1
summify,1
xelerated,1
datalot-inc,0
wmbly,0
pbj-concierge,0
shine-medical-technologies,1
ed4u,0
the-jackson-laboratory,0
cambiatta,0
jj-divers,0
credant-technologies,1
pluromed,1
teamer,0
eco-safe,0
digital-magics,0
hollywood-vision-center,0
xeko,0
snowball-factory,1
lucidity-lights,1
arbella-insurance-foundation,0
vetdc,1
yobongo,1
hedgeco,0
blue-rooster,0
zilliant,0
siamosoci,0
seven-seas-water,0
worthpoint,1
talend,1
hotpotato,1
synthonics,0
magnasense,0
sirion-holdings,0
pepperweed-consulting,0
trillion-fund,0
adcentricity,1
jobfox,1
flexion-therapeutics,1
radical-studios,0
wichorus,1
gridsum,0
spd-control-systems,0
leostream,0
ad-summos,0
image-insight,0
big-bears-recycling,0
mobilebits-gaming,0
smallable,0
aegis-lightwave,1
geosho,0
biocartis,1
therasim,0
mundi,0
electrikus,0
epac,0
winchannel,0
seen-digital-media-inc,1
the-receivables-exchange,1
red-aril,1
bull-moose-energy,0
first-coverage,1
vanilla-forums,0
cellarstone,0
trigence,1
parkwhiz,0
covenant-kids-manor-inc,0
spika,0
plc-systems,1
vb-rags,0
neverfail-backup-software,0
zboard,0
ceyx,0
sirific-wireless,1
phononic-devices,1
verisante-technology,0
corepoint-health,0
motor2,0
tenfarms,0
geno,0
enermotion,0
yashi,1
touchmedia,1
ips-academia-japan,0
intio,0
essential-viewing,1
ace,0
hipscan,0
crocodile-gold,1
who-can-fix-my-car,0
personspot,0
glori-energy,1
caserev,0
mobixell,1
project-bionic,0
philo-media,0
reds10,0
pegasus-biologics,0
kps-life-sciences,0
contactual,1
dualog,0
insideview,1
gluon-networks,1
sash-senior-home-sale-services,0
consolo-services-group,0
virident-systems,1
smartdate,0
smartwatch-security-sound,0
q4-web-systems,0
ooyala,1
liveleaf,0
digitalscirocco,0
mosa-records,0
cellular-biomedicine-group-cbmg,0
lsa-sports,0
infotone-communications,0
couverts,0
energyhub,1
specialty-surgery-of-secaucus,0
nubian-kinks-natural-haircare,0
vivacta,0
high-tower-software,1
homesphere,1
quantiamd,1
powerhouse-biologics,0
an-giang-plant-protection-joint-stock-company,0
bookmate,0
anaphore,0
international-isotopes,0
threadsy,1
bootstraplabs,0
darkworks,0
betuknow,0
2threads,0
phluant,0
cloudcontrol,0
get-your-job-,0
filtec,0
campus-book-rental,0
webydo,0
56-com,1
pokelabo,1
differential-dynamics,0
forensic-logic,0
momail,0
thermotech,0
newport-media,1
rochester-flooring-resources,0
exadigm,0
carbon-design-systems,1
organically-maid,0
timzon,0
nifty-after-fifty,0
opengamma,1
kaleo,0
gear4music-com,0
telesta-therapeutics,0
public-solution,0
attassa,1
fippex,0
ordoro,1
mycube,0
sefas-innovation,0
new-signature,0
accuris-networks,0
tascet,0
narrative-science,1
excellence-engineering,0
bioexx-specialty-proteins,1
theraclone-sciences,1
marketfish,0
cofluent-design,1
kemojo-trucking,0
keystone-technology,0
the-x-train,0
pyreos,0
presidio,1
ctb-group,0
pingigoen,0
besstech,0
unation,0
demdex,1
fundwell,0
econova,0
caesarea-james,0
waffl-com,0
ordergroove,0
instamed,1
lunagames,0
proximex,1
games2win,0
handipoints,1
renovo-motors,0
chicken-out-rotisserie,0
collegehumor,1
nanopowers,0
kingland-companies,1
ascentis,0
mtime,1
sitscape,0
admaxim,0
courseload,0
lightinthebox-com,1
prismtech,0
edicia,0
seawind,0
uc-cein,0
red-bag-solutions,0
one-com,0
kiip,1
veruta,1
realius,0
aconite-technology,0
serious-materials,1
cloopen,0
clickfuel,0
