,success
novomer,1
redzone-robotics,1
toodalu,1
filtrbox,1
wizee-2,1
valuevine,1
clearslide,1
bridge,1
spensa-technologies,1
neteffect,1
trusteer,1
trimble,1
ymagis,1
nutshellmail,1
skyline-medical-inc,1
network-chemistry,1
fon,1
illumitex,1
servo-software,1
catalyst-international,1
ftopia,1
ryla,1
authentec,1
black-duck-software,1
veodia,1
alpha-and-omega-semiconductor,1
pptv,1
dynamics-direct,1
actiance,1
adama-materials,1
jellyfish,1
vitrinepix,1
peertransfer,1
nimble-storage,1
divvyshot,1
blueconic-2,1
yahoo,1
lovefilm,1
imove,1
velteo,1
right-media,1
kitenga,1
clickpass,1
retroficiency,1
avidia,1
collectivemedia,1
5min,1
mediswipe,1
one-source-networks,1
akermin,1
emeter,1
onavo,1
nexj-systems,1
heliovolt,1
170-systems,1
rooftopcomedy,1
mhelpdesk,1
onsite-access,1
kongzhong,1
crowdgather,1
telecommunication-systems,1
miicard,1
eleven-biotherapeutics,1
safer-minicabs,1
aristos-logic,1
insightra-medical,1
bumptop,1
open-plug,1
tendril,1
novogen,1
airtouch-communications,1
uptake-medical,1
boundary,1
applied-optoelectronics-inc,1
interactive-solutions,1
fantasybook,1
verisilicon-holdings,1
gridpoint,1
ready-solar,1
cognia,1
allegro-diagnostics,1
zyga-technology,1
catapult-genetics,1
netqos,1
sieve,1
micromem-technologies,1
neurologica,1
yammer,1
critical-outcome-technologies,1
tarsa-therapeutics,1
opencloud,1
ium,1
glentel,1
sleep-number,1
hotspur-technologies,1
transwitch,1
valencell,1
lyncean-technologies,1
socket-mobile,1
enable-holdings,1
alereon,1
nscaled,1
adapt-ly,1
good-data,1
keepstream,1
nuvosun,1
pulse-electronics,1
a123systems,1
divide,1
imperva,1
skycross,1
fast-pay-partners,1
solve-media,1
exchange-corporation-k-k,1
oink-2,1
ushi,1
histosonics,1
canwest,1
nanovis-inc,1
gearworks,1
smartdrive-systems,1
dna-games,1
movile-latin-america,1
ucontrol,1
imaging3,1
cianna-medical,1
andalyze,1
nistica,1
elumen-solutions,1
cree,1
ecotality,1
amidebio,1
spot-influence,1
thumbplay,1
socialtext,1
kapow-technologies,1
webex-communications,1
3crowd-technologies,1
neoguide-systems,1
daily-secret,1
suning,1
tuenti-technologies,1
show-de-ingressos,1
tastebook,1
videoplaza,1
forescout,1
orbital-traction,1
metaplace,1
panzura,1
digital-reef,1
twelvefoldmedia,1
3d-robotics,1
infoteria,1
pathfinder-technologies,1
evolution-robotics,1
sapato-ru,1
steris-corporation,1
sprout-foods,1
netrake,1
kony,1
sensory-networks,1
pact,1
shanda-games,1
well-ca,1
brightsource-energy,1
innovectra,1
kenzei,1
hadasit-bio-holdings,1
optiant,1
bango,1
netgear-inc,1
lecturio,1
beacon-power,1
anacomp,1
terrago-technologies,1
placespeak,1
bringshare,1
phoenix-new-media,1
longboard-media,1
antriabio,1
sharegrove,1
can-capital,1
affle,1
microbank-software,1
sotera-wireless,1
odeo,1
parsely,1
aircuity,1
internet-pawn,1
gencia,1
vlingo,1
worldstores,1
arieso,1
seahorse-bioscience,1
websense,1
transenterix,1
transcend-medical,1
carbon-voyage,1
secerno,1
point-inside,1
struq,1
haiku-deck,1
clicker,1
audiosocket,1
permissiontv,1
greennote,1
arsenal-medical-inc,1
nutrisystem,1
orabrush,1
meal-ticket,1
invitedhome,1
m-audio,1
sientra,1
comcast,1
sente-inc,1
vholdr,1
biobehavioral-diagnostics,1
coresonic,1
youcastr,1
pbworks,1
shoefitr,1
realvu,1
memsic,1
alarm-com,1
ambassador,1
nighthawk-radiology-services,1
fandango,1
currensee,1
valchemy,1
sendme,1
raser-technologies,1
xumii,1
tririga,1
adlemons,1
physicians-formula,1
napkin-labs,1
cytosolv,1
level-four-software,1
brenco,1
mvisum,1
reldata-inc,1
ekos-corporation,1
delve-networks,1
impok,1
rhapsody,1
visiquate,1
cuponzote,1
isoftstone,1
commercetools,1
magor-communications,1
arxan-technologies,1
worldmate,1
gear6,1
phase-forward,1
adura-technologies,1
pareto-networks,1
definiens,1
go2call-com,1
w-w-communications,1
hardmetrics,1
booxmedia,1
q-magic,1
brocade-communications-systems,1
salesforce,1
csl-dualcom,1
drobo,1
cardiovascular-systems,1
healthcaremagic,1
galtney-group,1
orderup,1
july-systems,1
textunes,1
adslot,1
navegg,1
graffitigeo-inc,1
drop-io,1
uknow-com,1
bitboys-oy,1
social-reality,1
cyan,1
conveneer,1
waypoint-health-innovatoins,1
centene-corporation,1
sybari,1
salesconx,1
ujogo,1
tunesat,1
centice,1
guardianedge-technologies,1
novatel-wireless,1
chemocentryx,1
movista,1
digital-media-broadcast,1
cognitens,1
pivot,1
mydeco,1
cramster,1
thought-mechanics,1
avalanche-technology,1
printeco,1
cubictelecom,1
webvet,1
zervant,1
verdezyne,1
edusoft,1
microedge,1
acousticeye,1
tissue-genesis,1
rehab-management-services,1
infoblox,1
intensedebate,1
mediacore,1
rally-software,1
clearpoint-metrics,1
newvoicemedia,1
bbn-technologies,1
micropower-technologies,1
apsalar,1
penthera-partners,1
zpower,1
finco,1
resermap,1
elance,1
janzz,1
latista,1
unisfair,1
kinex-pharmaceuticals,1
demantra,1
wikimart-ru,1
the-tap-lab,1
rennovia,1
creditcards-com,1
brazen-careerist,1
mavenir-systems,1
swiftpage,1
hatteras-networks,1
airespace,1
sensics,1
china-wi-max,1
yostro,1
benaissance,1
goowy,1
lockdown-networks,1
iconix-brand-group,1
makemytrip-com,1
fleet-management-solutions,1
taligen-therapeutics,1
bragster,1
avisena,1
embrace-pet-insurance,1
network-contract-solutions,1
berkeley-bionics,1
mebeam,1
imrsv,1
metacarta,1
digital-assent,1
cymphonix,1
origin-healthcare-solutions,1
evolve-ip,1
spoke,1
softlayer,1
alien-technology,1
clacendix,1
fastscaletechnology,1
gizmofive,1
iexplore,1
ticketmaster,1
cynvenio-biosystems,1
liaison-technologies,1
brands4friends,1
insparq-com,1
policybazaar,1
adapx,1
neuronetics,1
intelepeer,1
doostang,1
payease,1
loc-aid,1
rapid-micro-biosystems,1
nuconomy,1
bidpal-network,1
sponge,1
flipter,1
metrixlab,1
sway,1
mykonos-software,1
telit-wireless-solutions,1
gopago,1
youscan,1
beeline,1
saleswarp,1
accept-software,1
rapid7,1
cornerstone-pharmaceuticals,1
tideway,1
caredox,1
telisma,1
apriso,1
broadcast-com,1
layered-technologies,1
codefast,1
roundpegg,1
oxford-nanopore-technologies,1
apprenda,1
heysan,1
foresight-biotherapeutics,1
open-places,1
vonage,1
unsubscribe-com,1
kingdom-scene-endeavors,1
affinnova,1
neochord,1
henley-putnam-university,1
cenzic,1
causes,1
return-path,1
mainstay-medical,1
socialengine,1
thar-pharmaceuticals,1
gander-mountain,1
unifysquare,1
dalradian-resources,1
better-place,1
opnext,1
oberon-media,1
playspan,1
playon-sports,1
rhetorical-group-plc,1
padcom,1
mythos,1
esilicon,1
genaudio,1
greenwizard,1
thinksmart,1
surgery-partners,1
inetec,1
ship-mate,1
cardica,1
aramsco,1
rave-mobile-safety,1
accelerize-new-media,1
biofire-diagnostics,1
active-voice-corporation,1
spectraswitch,1
mulesoft,1
milestone-scientific,1
epals,1
aeolus-pharmaceuticals,1
mindjet,1
avalara,1
greenbutton,1
5to1,1
aoxing-pharmaceutical,1
diamond-multimedia,1
sparkbase,1
box,1
wildtangent,1
mcafee,1
mtone-wireless,1
hootsuite,1
afferent-pharmaceuticals,1
tango-networks,1
dicom-grid,1
invizeon,1
talbot-holdings,1
boostctr,1
wonga,1
insite-wireless,1
go-net-systems,1
kang-hui-medical-instrument,1
j-hillburn,1
marketlive,1
greystripe,1
heidi-shaulis,1
mimedx-group,1
amitive,1
digital-china-information-technology-services-company,1
morph-labs,1
jigsee,1
sailthru,1
freeagent-central,1
datadog,1
liveu,1
trust-digital,1
connectquest,1
telovations,1
entellus-medical,1
palo-alto-networks,1
meez,1
wacai,1
api-ai,1
optimedica,1
lumenpulse,1
etouches,1
peekaboo-mobile,1
chalkable,1
clean-power-finance,1
aquantia,1
ezuza,1
wordlock,1
global-velocity,1
steek-sa,1
rockmelt,1
seedling,1
intrexon-corporation,1
schemalogic,1
searchme,1
edgewave-inc,1
wikimedia-foundation,1
sunborne-energy,1
foodessentials,1
clearleap,1
capricor,1
performance-horizon-group,1
valant-medical-solutions,1
schematic-labs,1
nixle,1
mobpartner,1
the-fizzback-group,1
imprimis-pharmaceuticals,1
ringcube-technologies,1
gaia,1
sangart,1
olapic,1
genelabs-technologies,1
payvment,1
challenge-games,1
sense-2,1
modumetal,1
thestreet,1
in-motion-technology,1
delphix,1
ntelagent,1
caribou-coffee-company,1
gremln,1
accipiter-systems,1
advanced-icu-care,1
innerwireless,1
mspot,1
diadexus,1
veebox,1
secure-software,1
trapeze-networks,1
euthymics-bioscience,1
boyaa-interactive,1
jumio,1
kite-pharma,1
aloqa,1
adaptivity,1
machine-zone,1
kona-medical,1
cleveland-biolabs,1
ecomom,1
firmex,1
liquidia-technologies,1
watersmart-software,1
rf-it-solutions,1
ophthonix,1
tarari,1
renewable-energy-group,1
hipchat,1
serious-business,1
ikasystems,1
the-climate-corporation,1
vertical-media,1
bytemobile,1
accertify,1
nanovi,1
tellme,1
bragbet,1
techforward,1
baidu,1
whosay,1
ntr-global,1
site9,1
practically-green,1
depomed,1
ehi-car-rental,1
snooth,1
medeanalytics,1
chanrx-corp,1
genomatica,1
vbi-vaccines,1
health-integrated,1
rvue,1
gomez-inc,1
typekit,1
nor1,1
amarin,1
custommade-ventures,1
dealertrack,1
blue-cod-technologies,1
taskrabbit,1
infopia,1
tribe,1
carmell-therapeutics,1
compliance,1
adea,1
rover-apps,1
cognio,1
outsmart,1
prourocare-medical,1
lucidmedia,1
memc-electronic-materials,1
endosense,1
joyent,1
daqo-new-energy-corp,1
skylight-healthcare-systems,1
pacific-shore-holdings,1
thinkeco,1
total-beauty-media,1
traiana,1
cornova,1
gentor-resources,1
locationary,1
howstuffworks,1
notehall,1
valueclick,1
sol-voltaics,1
penguin-computing,1
way-systems,1
tower-cloud,1
foresee-results,1
jasper-design-automation,1
xceive,1
pentaho,1
talkbin,1
sba-materials,1
pillars4life,1
countertack,1
applied-genetics-technologies-corporation,1
scivantage,1
modu,1
optisolar,1
ohloh,1
id-analytics,1
castlight-health,1
mappn,1
buddytv,1
cardiofocus,1
moonshado,1
invensense,1
dset-corporation,1
rpx-corporation,1
realpage,1
smartyants,1
everspin-technologies,1
axeda,1
clavis-technology,1
authentidate-holding,1
pharmasecure,1
omgpop,1
bind-therapeutics,1
fisker,1
victor,1
spotcast-communications,1
admeta,1
overtime-media,1
okwave,1
newsy,1
bivio,1
sitebrand,1
hubspot,1
svelte-medical-systems,1
yottaa,1
igate-patni-computers,1
amx,1
cirba-inc,1
sanovia-corporation,1
achronix-semiconductor,1
provigent-inc,1
okairos,1
brightcove,1
dragonfly,1
cellixis,1
trema-group,1
q2ebanking,1
conformis,1
isilon,1
diyseo,1
bam-labs,1
trimel-pharmaceuticals,1
mongodb-inc,1
auxilium-pharmaceuticals-inc,1
kno,1
enuvis,1
pernix-therapeutics-inc,1
sportgenic,1
metasolv,1
solaredge,1
memex-automation,1
borro,1
casterstats,1
simplivity,1
capsule-tech,1
calix,1
one-true-media,1
thru-inc,1
on2,1
precyse,1
actifio,1
volly,1
biodesix,1
centric-software,1
udemy,1
vativ-technologies,1
medicago,1
kitara-merdia,1
videoiq,1
twinstrand-therapeutics,1
dogster,1
creativ,1
qype,1
open-harbor,1
icrossing,1
telera,1
sandbox,1
code-green-networks,1
netiq,1
twofish,1
pearl-systems,1
wuaki-tv,1
dwolla,1
kiosked,1
phasebio-pharmaceuticals,1
pathwork-diagnostics,1
drimmi,1
alchemyapi,1
berkley-networks,1
jumptime,1
tweetdeck,1
bestcontractors,1
nallatech,1
myntra,1
webcollage,1
hybridcluster,1
betabrand,1
edeniq,1
informeddna,1
chanticleer-holdings,1
zooplus,1
istante-software,1
ventirx-pharmaceuticals,1
mako-surgical,1
lexar-media,1
placester,1
digg,1
oramed-pharmaceuticals,1
cue,1
honk,1
awr-corporation,1
real-world,1
allin-corporation,1
empressr,1
chrono-therapeutics,1
rentjuice,1
guided-therapeutics,1
shiny-ads,1
imeem,1
backtype,1
fiberzone-networks,1
bioconnect-systems,1
sonos,1
virtualsolutions,1
bellicum-pharmaceuticals,1
saladax-biomedical,1
passlogix,1
wombat-security-technologies,1
opera-software,1
vimicro-international-corporation,1
ultralife,1
nanda-technologies,1
tesorx-pharma,1
wentworth-technology,1
foxytunes,1
verkkokauppa-com,1
darberry,1
cloud-security,1
finjan,1
akimbi-systems,1
habeas,1
iosemantics,1
perfint-healthcare,1
vostu,1
cortina-systems,1
bokee,1
synchronica,1
mocana,1
ownlocal,1
bash-gaming,1
kovio,1
xirrus,1
durata-therapeutics,1
copilot-labs,1
grosocial,1
matomy-media-group,1
parametric-sound,1
stripe,1
salon-media-group,1
eka-systems,1
saperion,1
jamdatmobile,1
siano-mobile-silicon,1
safe-communications,1
foundationdb,1
clairmail,1
envysion,1
blueroads,1
gonabit,1
mc10,1
sungard,1
meetup,1
rollstream,1
idera-pharmaceuticals,1
north-american-palladium,1
humanoid,1
hal-knowledge-solutions,1
thembid,1
relativity-technologies,1
citytherapy,1
spin-media-group,1
virtual-incision-corporation,1
sazneo,1
rightsflow,1
edgeio,1
standing-cloud,1
anda,1
tail-f-systems,1
metabolix,1
meraki,1
doublepositive,1
offermatica,1
opsource,1
osi-systems,1
messagecast,1
uievolution,1
enviance,1
conversocial,1
epizyme,1
sensage,1
micell-technologies,1
keynoir,1
musicshake,1
helixis,1
ripple-technologies,1
cornerstone-ondemand,1
actsocial,1
crossroads-systems,1
dotcloud,1
mob-science,1
zecter,1
streambase-systems,1
baozun-commerce,1
seedcamp,1
hyperactive-technologies,1
exuvis,1
aquinox-pharmaceuticals,1
really-simple,1
yesware,1
trina-solar-ltd,1
cpm-braxis,1
paypal,1
opensky,1
renren-inc,1
sparta-systems,1
lucid-commerce,1
lithotripsy-of-northern-indiana,1
abtech-holdings,1
seachange-international,1
the-trade-desk,1
ambient-corporation,1
lemoptix,1
maxymiser,1
pressflip,1
groupme,1
small-bone-innovations,1
relmada-therapeutics,1
usb-promos,1
twisted-pair-solutions,1
topicmarks,1
mvb-bank,1
surveymonkey,1
starbucks,1
opx-biotechnologies,1
fastconnect,1
cardiac-dimensions,1
miracor-medical-systems,1
eeye-digital-security,1
studyblue,1
webpay,1
vendhq,1
fastpoint-games,1
yurbuds,1
blue-pillar,1
q1-labs,1
northcore-technologies,1
atreo-medical,1
cryptzone,1
great-basin-corporation,1
plastic-logic,1
array-health-solutions,1
circle-of-moms,1
ensogo,1
maintenancenet,1
protection-one,1
trivop,1
whitelight-systems,1
coupons-com,1
socialpicks,1
sparkroom,1
twitvid,1
posterous,1
orametrix,1
seamlessreceipts,1
jambotech,1
phone-halo,1
paylocity,1
cignifi,1
shareaholic,1
savo,1
quantumdx-group,1
compete,1
sensordynamics,1
dreamfactory,1
unified-inbox,1
lookingglass-cyber-solutions,1
deep-domain,1
pixability,1
hopscotch,1
wellfount,1
openerp,1
taulia,1
behavioral-recognition-systems,1
smartsheet,1
ls9,1
solta-medical,1
softwriters-holdings,1
selvz,1
eventful,1
extended-care-information-network,1
counsyl,1
bioptigen,1
bill-com,1
joost,1
big-fish-games,1
aupeo,1
spoken-communications,1
vendavo,1
char-software,1
geni,1
virtual-computer,1
limerick-biopharma,1
publicstuff,1
vertical-communications-2,1
cardomain-network,1
glammedia,1
nexidia,1
new-media-gateway,1
coradiant,1
zopa,1
glaukos,1
perfect-market,1
koofers,1
xgraph,1
sapheon,1
crunchyroll,1
ac-moore-craft-store,1
docusign,1
demandforce,1
bountii,1
traffiq,1
bottomline-technologies,1
earlens,1
99bill,1
eagle-test-systems,1
best-apps-market,1
faves,1
law-pivot,1
axismobile,1
ecochlor,1
codebaby,1
alva-group,1
vapps,1
channeladvisor,1
ryzing,1
shopwell,1
universal-robots,1
simperium,1
digitalglobe,1
coda-therapeutics,1
allocure,1
gamma-enterprise-technologies,1
geodelic-systems,1
cardstar,1
variable,1
scribblelive,1
kerecis,1
sentrigo,1
scality,1
internet-gold-golden-lines,1
celltick-technologies,1
cheyipai,1
healthequity,1
bemodel,1
somedia-bbn3,1
gydget,1
shozu,1
viclone,1
everlater,1
genieo,1
nanoh2o,1
immune-targeting-systems,1
imaste,1
expressor-software,1
as-seen-on-tv,1
finisar,1
planet-soho,1
zipidee,1
spiralfrog,1
derbysoft,1
firecomms,1
cymbet,1
torax-medical,1
devicefidelity,1
surgical-care-affiliates,1
broadhop,1
standard-renewable-energy,1
shopkick,1
segway,1
amsc,1
solsoft,1
zipscene,1
parchment,1
arcmail,1
intelicloud,1
maculogix,1
palantir-technologies,1
anttenna,1
filmaster,1
draftstreet,1
symplified,1
kolltan-pharmaceuticals,1
adready,1
envestnet,1
impac-medical-system,1
mblox,1
vital-access,1
mediaplatform,1
4tiitoo,1
crichq,1
workingpoint,1
help-systems,1
sportingo,1
pactera,1
tokai-pharmaceuticals,1
deliveryagent,1
fixmo,1
achaogen,1
hopstop-com,1
abbott,1
plexxi,1
softricity,1
vicarious-systems-inc,1
vindicia,1
hemoteq,1
tonix-pharmaceuticals-holding,1
calmsea,1
netchemia,1
emergent-payments,1
uprizer-labs,1
ivwatch,1
map-pharmaceuticals,1
luxim,1
adap-tv,1
ccam-biotherapeutics,1
topcoder,1
coverhound,1
trovit,1
auditude,1
rome2rio,1
weblink-international,1
mmb,1
saffron-technology,1
echopass-corporation,1
buddymedia,1
mogad,1
swrve-new-media,1
zalando,1
agencourt-bioscience,1
power-assure,1
trustpilot,1
daily-grommet,1
gen9,1
advanced-in-vitro-cell-technologies,1
satmex,1
proa-medical,1
yoonew,1
neosaej,1
daegis,1
ad2games,1
verishow,1
carbon-ads,1
birthdayslam-com,1
ironplanet,1
construction-software-technologies,1
auspex-pharmaceuticals,1
little-red-wagon-technologies,1
bolsa-de-mulher-group,1
proximic,1
anaeco,1
hearsay-social,1
playfire,1
global-bay-mobile,1
escapeer-com,1
1stdibs,1
pasteuria-bioscience,1
zenfolio,1
lorus-therapeutics,1
ability-network,1
acision,1
tearlab-corporation,1
secure-media-solutions,1
alta-devices,1
everbridge,1
base79,1
fleetcor-technologies,1
american-dental-partners,1
chukong-technologies,1
huffingtonpost,1
youcalc,1
gettaxi,1
fungoplay,1
king,1
planetwide-media,1
mefeedia,1
snaptracs,1
rule-fm,1
lodo-software,1
rakuten,1
cohesive-technologies,1
polyera,1
eloqua,1
sosh,1
metastorm,1
eatstreet,1
covario,1
axial-exchange,1
xtera-communications-inc,1
increo-solutions,1
nusirt,1
oncomed-pharmaceuticals,1
grab-networks,1
zuppler,1
codesion,1
adaptive-biotechnologies,1
ftapi-software,1
canvas,1
movity-com,1
systinet,1
alphasmart,1
controlcircle,1
movaris,1
signnow,1
next-co,1
toms-shoes,1
keyon-communications-holdings,1
ppg-industries,1
camsemi,1
ocz-technology,1
cambridge-cmos-sensors,1
gobalto,1
compass,1
aragon-pharmaceuticals,1
sikorsky-aircraft,1
mynewplace,1
icondial,1
altigen-communications,1
intervalve,1
nervogrid,1
navman,1
stylepit,1
tracelink,1
mattersight-corp,1
nanotech-security,1
multicast-media,1
athoc,1
dimdim,1
kingdee,1
cerebrotech-medical-systems,1
matomy,1
apenimed,1
second-sight,1
valtech-cardio,1
lvmama,1
viigo,1
my6sense,1
cervilenz,1
trialpay,1
nanya-technology-corporation,1
cymabay-therapeutics,1
centive,1
american-science-and-engineering,1
ozura,1
evolver,1
contextweb,1
wave-systems,1
chaikin-analytics,1
visys,1
picolight,1
crs-electronics,1
arcot-systems,1
vuze,1
continuity-engine,1
statsmix,1
endotronix,1
cahaba-pharmaceuticals,1
coronado-biosciences,1
ziegler,1
paymetric,1
doctorbase,1
monteris-medical,1
virtual-expert-clinics,1
artisan-mobile,1
myalert,1
readypulse,1
dealperk,1
volas-entertainment,1
bg-medicine,1
peel,1
knowledge-delivery-systems,1
pingg,1
scup,1
terraplay-systems,1
emn8,1
my-dentist,1
sohu,1
gree,1
meetmoi,1
indochino,1
dataxu,1
wink,1
delimedia,1
predixion-software,1
piczo,1
ethical-community,1
juneau-biosciences,1
yodlee,1
canvera-digital-technologies,1
mypublisher,1
insight-communications,1
macrocure,1
ce-interactive,1
citizenhawk,1
cambridge-heart,1
orthoscan,1
searchmetrics,1
sonendo,1
sambazon,1
biscotti,1
groupalia,1
puppet-labs,1
voxel-dot-net,1
openx,1
p2-science,1
audiencescience,1
red-lambda,1
agile-therapeutics,1
cytomx-therapeutics,1
kotura,1
eventfinder,1
adesto-technologies,1
faction-skis,1
optimaltest,1
beeline-technologies,1
nanolumens,1
vivareal,1
wintegra,1
viscount-systems,1
likewise-software,1
iwidgets,1
clearmomentum,1
amcom-software,1
openpeak,1
goodman-networks,1
netkey,1
nextprinciples,1
pagelever,1
bitwave,1
postpath,1
year-up,1
west-world-media,1
eventioz,1
realtime-technology,1
magnum-semiconductor,1
enlighted,1
betterfinance,1
precursor-energetics,1
avinity,1
synapsense,1
venturebeat,1
lanx,1
qualtr,1
potbelly-sandwich-works,1
dreamworks-animation,1
zosano-pharma,1
tellapart,1
bakbone-software,1
teamsnap,1
popularmedia,1
bluefin-labs,1
vmixmedia,1
glycomimetics,1
icagen,1
monsoon-commerce,1
clinicient,1
ies,1
tasty-labs,1
bridgeport-networks,1
autoquake,1
stumbleupon,1
nabsys,1
onedrum,1
prosper,1
1366-technologies,1
callidus-software,1
ageia-technologies,1
exagen-diagnostics,1
babelgum,1
ip-access,1
xagenic,1
aravo-solutions-inc,1
lumate,1
lukup,1
ecosense-lighting,1
peopleadmin,1
cakefinancial,1
lexicon-pharmaceuticals,1
mirna-therapeutics,1
runa,1
intec-pharma,1
actinium-pharmaceuticals,1
leadpoint,1
exit41,1
bluespec,1
global-axcess,1
federatedmedia,1
storefront-net,1
broadcast-pix,1
netmotion-wireless,1
o9-solutions,1
repairpal,1
ironport,1
angioscore,1
liberator-medical-supply,1
ibiquity-digital-corporation,1
evolv-on-demand,1
wipit,1
myoptique-group,1
deltek,1
mcash,1
barosense,1
performable,1
prenova,1
covertix,1
gridapp-systems,1
rehab-documentation,1
scientific-intake,1
socialgo,1
venmo,1
ener1,1
like,1
yy-inc,1
become,1
location-based-technologies,1
mybuys,1
shopsavvy,1
onehub,1
designerpages,1
leisurelink,1
lattice-engines,1
kyte,1
asset-international,1
zipit-wireless,1
arc-medical-devices,1
sgx-pharmaceuticals,1
oxford-immunotec,1
minutekey,1
arrow-therapeutics,1
mindshift-technologies,1
parking-in-motion,1
molecular-imaging-research,1
bonesupport,1
motribe,1
auctionpay,1
hci,1
forma-therapeutics,1
conviva,1
mobileiron,1
lookery,1
qteros,1
beinsync,1
trueex,1
frame-media,1
hyperion-solutions,1
appmakr,1
medialets,1
drc-computer,1
videojug,1
zep-solar,1
infina-connect-healthcare-systems,1
mportico,1
sera-prognostics,1
anaptysbio,1
ambarella,1
whale-communications,1
eti-international,1
brainstorm-cell-therapeutics,1
wakoopa,1
providence-surgery-centers,1
general-dynamics,1
apieron,1
neophotonics,1
docutap,1
silverpop,1
general-fusion,1
neven-vision,1
avantis-medical-systems,1
exact-sciences,1
cpower,1
byallaccounts,1
shocking-technologies,1
blue-lane-technologies,1
eaton,1
vitapath-genetics,1
project-manager,1
scoopler-inc,1
wearesupernova,1
immune-pharmaceuticals,1
rivermeadow-software,1
netvision,1
mogl,1
clarity-payment-solutions,1
zoomin,1
xo-group,1
delivery-club,1
chart-io,1
rome-corporation,1
finsphere,1
orthoaccel-technologies,1
lifeimage,1
sansan,1
infusionsoft,1
livio-radio,1
smisson-cartledge-biomedical,1
crowdsavings,1
physware,1
talentspring,1
heartware-international,1
sugarsync,1
distra,1
jobandtalent,1
crossbow-technologies,1
summify,1
xelerated,1
shine-medical-technologies,1
credant-technologies,1
pluromed,1
snowball-factory,1
lucidity-lights,1
vetdc,1
yobongo,1
worthpoint,1
talend,1
hotpotato,1
adcentricity,1
jobfox,1
flexion-therapeutics,1
wichorus,1
aegis-lightwave,1
biocartis,1
seen-digital-media-inc,1
the-receivables-exchange,1
red-aril,1
first-coverage,1
trigence,1
plc-systems,1
sirific-wireless,1
phononic-devices,1
yashi,1
touchmedia,1
essential-viewing,1
crocodile-gold,1
glori-energy,1
mobixell,1
contactual,1
insideview,1
gluon-networks,1
virident-systems,1
ooyala,1
energyhub,1
high-tower-software,1
homesphere,1
quantiamd,1
threadsy,1
56-com,1
pokelabo,1
newport-media,1
carbon-design-systems,1
opengamma,1
attassa,1
ordoro,1
narrative-science,1
bioexx-specialty-proteins,1
theraclone-sciences,1
cofluent-design,1
presidio,1
demdex,1
instamed,1
proximex,1
handipoints,1
collegehumor,1
kingland-companies,1
mtime,1
lightinthebox-com,1
kiip,1
veruta,1
serious-materials,1
dentaldoctors,0
datamyne,0
cognitum,0
rothman-healthcare,0
atrica,0
personal-on-demand,0
authasas,0
acacia-communications,0
slurp-co-uk,0
2b-angels,0
efilecabinet,0
monaco-telematique,0
image-insight,0
sr-pago,0
myvr,0
broadband-networks-wireless-internet,0
spazzles,0
nflight-technology-llc,0
hemarina,0
altius-space-machines,0
smx,0
lasercomm,0
rfinity,0
vindico-pharmaceuticals,0
groupe-athena,0
shareyourbrain,0
triplay,0
online-warmongers,0
softwarecellularnetwork,0
lgdb-com,0
gen3-partners,0
red-foundry,0
gráfica-en-línea,0
accuvein,0
schedjoules-com,0
c2call,0
dnage,0
arcsoft,0
dialectica,0
adeze,0
prismhr,0
arabhardware,0
philo-media,0
g2b-pharma,0
polymer-vision,0
fashion-gps,0
searchforce,0
rentshare,0
optireno,0
mobicart,0
tango-analytics,0
omnilytics,0
bonitasoft,0
killerstartups,0
crowdcube,0
connectbeam,0
dream-dinners,0
mashwork,0
pointcare,0
ips-academia-japan,0
yadahome,0
who-what-wear,0
syndexa-pharmaceuticals,0
easy-metrics,0
personspot,0
3dsoc,0
andbio,0
zeebo,0
intersec,0
maxware,0
revelry-brands,0
sun-lite-metals,0
carnival,0
atlas-obscura,0
duroline,0
thefuturefm,0
bizweb-vn,0
revizer,0
keranetics,0
beautylish,0
simpleshow,0
astamuse-company-ltd,0
thrillist-media-group,0
sandwell-community-caring-trust-scct,0
icardiac-technologies,0
cinegif,0
twitalytic,0
juice-in-the-city,0
dacadoo,0
praxcell,0
vistabee,0
innovative-silicon,0
leaf-solar-power,0
nimbus-data,0
exponential-entertainment,0
flockofbirds,0
cadence-bancorp,0
kodeos-communications,0
valmet-automotive,0
brecis-communication,0
viaview,0
atbizz,0
eno-information-technologies,0
vht,0
exerscrip,0
geacom,0
exodos-life-science-partners,0
pocketvillage,0
gamecrush,0
quickcomm-software-solutions,0
clean-emission-fluids,0
audanika,0
ptmind,0
paradial,0
common-ground,0
ahandyhand,0
life-sciences-discovery-fund,0
monstrous,0
bouf,0
venminder,0
xactium,0
edinburgh-robotics,0
odyssey-airlines,0
city-voice,0
scypho,0
absolute-sports-pvt-ltd,0
mundi,0
amrest-2,0
transaction-wireless,0
sub10-systems,0
avalon-healthcare-holdings,0
aci-solutions,0
cyclone-power-technologies,0
suitelinq,0
1calendar,0
clickfuel,0
blackbay,0
railrunner,0
reveal-data,0
ibetor,0
calando-pharmaceuticals,0
zoodak,0
transmedia-corporation,0
blue-danube-labs,0
ventus-medical,0
holisol-logistics,0
signalhorn,0
praekelt-foundation,0
georgia-community-health,0
subject-company,0
gen-one-cig,0
procura,0
securewave,0
robin-hood-foundation,0
minerva-surgical,0
biogasol,0
inaura,0
sidekick-games,0
junar,0
jayride-com,0
ismole,0
nerites,0
rqx-pharmaceuticals,0
bolongaro-trevor,0
fortress-risk-management,0
affordable-renovations,0
e-ye-brain,0
loud3r,0
nationwide-specialty-finance,0
international-stem-cell-corporation,0
wizboo,0
covacsis,0
atmail,0
talenz,0
newzstand,0
icinetic,0
warstuff,0
source-audio,0
ameritech-college,0
hcs-control-systems,0
99taojin-com,0
american-advisors-group,0
shape-up-the-nation,0
targetspot,0
net-transmit-receive,0
arktis-radiation-detectors,0
powelectrics,0
syndera-corporation,0
irccloud,0
covercake,0
omniox,0
plymedia,0
fiberstar,0
rocketick,0
inteliace-research,0
oxyrane-uk,0
livehealthier,0
tour-engine,0
fantasy-shopper,0
proretina-therapeutics,0
osage-liquor-wine-spirits,0
ub-access,0
zipmark,0
liquid-telecom,0
dindong,0
corpower-ocean,0
dreampod,0
llobe,0
la-reunion-virtuelle,0
lifesum,0
mobile-backstage,0
licketyship,0
polantis,0
mnemosyne-pharmaceuticals,0
clearviewaudio,0
clearpath-robotics,0
isabella-products,0
prestamo10-com,0
psicofxp-com,0
sensorin,0
eventbuilder,0
zingle,0
designmynight,0
iexerci-se,0
trilliant,0
freshbag,0
core-security,0
carecentrix,0
the-library,0
aternity,0
go-moment,0
groupoff,0
empact-interactive-media-inc,0
moberg-research,0
vuv-analytics,0
rfid-global-solution,0
wireless-environment,0
nuron-biotech,0
edita-food-industries,0
crispy-gamer,0
dbi-services,0
capevo,0
votigo,0
webshoz,0
lexpertia-com,0
bettymovil,0
twigmore,0
mindbites,0
portable-zoo,0
ease-entertainment-services,0
isirona,0
stroz-friedberg,0
the-online-project,0
texas-multicore-technologies,0
friendfund,0
celsias,0
adylitica,0
diagnotes,0
mesolight-llc,0
tickled-media-pte-ltd,0
stardoll,0
ispecimen,0
deal-co-op,0
lifeio,0
dextr,0
onepagecrm,0
aqua-skin-science,0
realdirect,0
servicerelated,0
advanced-power-projects,0
emisense-technologies,0
quick-tv,0
medrio,0
shuttlecloud,0
zadspace,0
business-propulsion-systems,0
trac-emc-safety,0
stickyadstv,0
endavo-media-and-communications,0
dynis,0
force-therapeutics,0
ppro-financial-ltd,0
entone-technologies,0
beam-express,0
dq-entertainment,0
accuris-networks,0
guang-lian-shi-dai,0
mmchannel,0
broad-institute,0
uc-cein,0
loop-trolley,0
autism-home-support-services,0
glenrose-instruments,0
wedit,0
sypherlink,0
loso,0
bakedcode,0
zympi,0
guangdong-hengxing-group,0
tut-systems,0
prixtel,0
the-movie-studio,0
earl-energy,0
scanr,0
obook,0
sma-informatics,0
education-elements,0
iobridge,0
cytomics-pharmaceuticals,0
1-800-dentist,0
rentmyinstrument-com,0
pokos-communications,0
winshuttle,0
explain-everything,0
dresser-mouldings,0
bolt-threads,0
synthetic-genomics,0
sinnet,0
mozoo,0
kannalife-sciences,0
24-7-customer,0
predictive-biosciences,0
markavip,0
studentbox,0
apomio,0
intrepid-bioinformatics,0
n12-technologies,0
realius,0
tvty,0
wooshii,0
bill-ray-home-mobility,0
guard-rfid-solutions,0
pxradia,0
iposi,0
ucb-pharma,0
cloudmosa,0
aava-mobile,0
austhink-software,0
mobile-posse,0
simplivt,0
gamma-medica,0
fenix-international,0
centage-corporation,0
sweetwater-energy,0
noise-freaks,0
iterasi,0
upad,0
dianxin,0
justinmind,0
posiq,0
mycube,0
watchfinder,0
startup-weekend,0
sil4-systems,0
testplant,0
array-networks,0
zentrick,0
ezono,0
kaixin,0
ihear-medical,0
solem-electronique,0
fsp-instruments,0
seamsoft,0
startups-in,0
steerads,0
yogurtistan,0
intent,0
stratuscore,0
24symbols,0
optisort,0
erms-corporation,0
nordicplan,0
dualog,0
silex-microsystems,0
mediastream,0
ipplex,0
panatlanta-llc,0
kemia,0
blueliv,0
act-atria-convergence-technologies-pvt-ltd-,0
zane-benefits-inc,0
plc-diagnostics,0
rising,0
reversinglabs,0
bookshout-2,0
linkua,0
bioassets-development,0
med-access,0
dream-industries,0
lekiosk,0
scalable-informatics,0
boozt-fashion,0
triad-technology-partners,0
loans-on-fine-art,0
stayclassy-org,0
black-swan-energy,0
mysciencework,0
ocelus,0
komar-games,0
soundtag,0
nextdocs,0
voya-ge,0
spectraseis,0
curious-sense,0
maestro-market,0
loffles,0
depotpoint,0
jumpsoft,0
freestride-therapeutics,0
in-the-chat,0
process-relations,0
summus-render-s-l,0
isabella-oliver,0
expan,0
onekreate,0
meetme,0
eyetechcare,0
papayamobile,0
snaptalent,0
simpa-networks,0
snowman,0
hybrid-security,0
ganymed-pharmaceuticals,0
international-isotopes,0
zippy-shell,0
dealbird,0
arkayne,0
lugiron-software,0
aquamobile,0
deep-identity,0
haven-hill-homestead,0
continuent,0
availpro,0
latakoo,0
klir-technologies,0
miradia,0
algenol-biofuel,0
mom-made-foods,0
bvents,0
gravity-renewables,0
geekchicdaily,0
illuminate-solutions,0
game-trading-technologies-inc,0
scsg-ea-acquisition-company,0
zound-industries,0
v-i-laboratories,0
equity-administration-solutions,0
insly,0
envisage-technologies,0
inversiones-com,0
imagitive-gmbh,0
viveve,0
6cube,0
ccm-benchmark,0
public-radio-exchange,0
human-factor-analytics-inc,0
intelligent-mechatronic-systems,0
myriant-technologies,0
cancerguide-diagnostics,0
grabbit,0
sr-labs,0
fineeye-color-solutions,0
palmer-hargreaves,0
milmenus-com,0
the-bearmill-of-amarillo-l-l-c,0
maven-research,0
avontrust-group,0
rock-health,0
full-capture-solutions,0
smallable,0
adyapper-com,0
tokiva-technologies,0
rue-de-la-paye,0
wadeco-specialties,0
neuaer,0
podposter,0
adscale,0
ruci-cn,0
hangzhou-fun-city,0
enermotion,0
drillinginfo,0
kaleo,0
fusionpipe-software-solutions,0
justnine,0
canadian-playhouse-factory,0
flexuspine,0
connectv-com,0
networkingphoenix-com,0
lx-enterprises,0
jobs-dial-llc,0
control-de-pacientes,0
clarkson-eyecare,0
itsalat-international,0
placefirst,0
musicmetric,0
iqms,0
zooppa,0
inland-empire-components,0
covenant-kids-manor-inc,0
preventice,0
cellcentric,0
infogile-technologies,0
pavegen-systems,0
cape-city-command,0
profitbricks,0
hello-chair,0
wool-and-the-gang,0
icabbi,0
md-it,0
kereos,0
espark,0
bleachers,0
agentec,0
idun-pharmaceuticals,0
ati-physical-therapy,0
discrete-sport,0
znaptag,0
robosoft-technologies,0
lightspeed-genomics,0
rollerscoot,0
yonja,0
team-my-mobile,0
smart-flour-foods,0
slimpay,0
varioptic,0
do-it-developers,0
tampa-bay-wave,0
peribit-networks,0
helphive,0
miwi-fi-net,0
matchpin,0
twingly,0
trillion-fund,0
blue-fin-japanese-restaurant,0
onlineprinters,0
vinivi,0
codemasters,0
enure-networks,0
bunndle,0
somany-ceramics,0
imperative-networks,0
campaignercrm,0
crowdrise,0
levels-beyond,0
munchkin,0
gigi-hill,0
plurchase,0
bizxchange,0
manyeta,0
hoover-container-solutions,0
liibook,0
reds10,0
galaxy-digital,0
taglocity,0
betuknow,0
collabera,0
reading-trails,0
wrike,0
basys,0
nexx-studio,0
turning-ranch,0
caserev,0
geotrac-inc,0
sms-thl-holdings,0
its-compliance,0
meditrina-pharmaceuticals-inc,0
lingo-live,0
apliiq,0
n4g-com,0
hydrologex-llc,0
ucampus,0
little-einstein-preschool,0
generationone,0
bigtree-solutions,0
liilak,0
postdeck,0
keiz-marshall-performing-arts-academy,0
taste-indy-food-tours,0
agsquared,0
legacy-income-properties,0
ktm-advance,0
mixed-media-labs,0
momail,0
ariel-way,0
factery,0
buybox,0
analyte-logic,0
skyfuel,0
incentive,0
dormir,0
say-hey,0
ruffalocody,0
the-football-social-club,0
omni-3,0
designpax,0
dance-biopharm,0
zenvault-medical,0
hammerkit,0
quantum-group,0
cellay,0
pinsight,0
gamblit-gaming,0
allele-biotech,0
anchor-therapeutics,0
nlyte-software,0
libox,0
crescentrating,0
newsit,0
iroko-pharmaceuticals,0
ki-work,0
redtail-solutions,0
architizer,0
pricesquid,0
kalos-therapeutics,0
mitomics,0
linguastat,0
encap,0
youare-tv,0
chatstat,0
alc-holdings,0
nazara-technologies,0
primerevenue,0
algolytics,0
planbus,0
themoment,0
custopharm,0
mysongtoyou,0
dot-medical,0
mepin,0
avaya,0
shape-collage,0
amtec-lcc,0
socloz,0
people-operating-technology,0
rankur,0
smartwatch-security-sound,0
fast-felt,0
panxchange,0
stereovision-imaging,0
gametube-sas,0
ontrak-software,0
valon-lasers,0
zuznow,0
primestone,0
roqbot,0
afab-solutions,0
brainient,0
tictacti,0
elite-group,0
kingdom-breweries,0
xenon-arc,0
egodeus,0
cellarstone,0
waverx,0
quosis,0
perkstreet-financial,0
turtle-creek-apparel,0
befunky,0
sergemd-inc,0
one-loyalty-network,0
newlight-technologies,0
whiteglove-house-call-health,0
flx-micro,0
c-and-a-energy-services,0
skybitz,0
buguroo,0
vaxcare,0
checkinon-me,0
alternative-outfitters,0
gryphon-networks,0
qello,0
target-software,0
apexigen,0
amicrobe,0
stik,0
ventrix-2,0
helmi-technologies,0
dark-skull-studios,0
alpinereplay,0
prismtech,0
marriage-com,0
optima-neuroscience,0
mediamind,0
soapbox-mobile,0
scarlet-lens-productions,0
easycopay,0
nanosight,0
pg40-consulting-group,0
coull,0
climber-com,0
two-cells-co-ltd,0
prolify,0
weogeo,0
millican,0
semitech-semiconductor,0
social-media-simplified-llc,0
bahamaslocal-com,0
iguiders,0
zwipe,0
massbioed,0
mobango,0
heycrowd,0
smithers-avanza,0
smart-wire-grid,0
puralytics,0
paytm,0
bats,0
pyramid-analytics,0
parcus-medical,0
practo-technologies-pvt-ltd,0
pepperweed-consulting,0
philtro,0
apama-medical,0
fabler-comics,0
magink-display-technologies,0
psioxus-therapeutics,0
apogee-informatics,0
sportpost-com,0
tuan800,0
f4samurai,0
glo-science,0
gogoyoko,0
staccato-communications,0
weeworld,0
mtivity,0
databanq,0
mediasilo,0
streamline-computing,0
reclaims,0
screen,0
voxound,0
fabrika-online,0
bragg-peak-systems,0
fundsxpress-financial-network,0
emergency-service-partners,0
primekss,0
frh-consumer-services,0
clark-enterprises-2000-inc,0
ewireless,0
teledna,0
cnoga-medical,0
salman-enterprises-ltd-inc,0
roomorama,0
electrikus,0
jiglu,0
top-rops,0
epac,0
thinfilm-electronics-asa,0
corpsolv,0
granite-horizon,0
greensql,0
hope-foods,0
terrajoule,0
m-cubed-technologies,0
tailor-made-oil,0
imn,0
techlive,0
transonic-combustion,0
kiss-metrics,0
navagis,0
lingospot-inc,0
micro-interventional-devices,0
ozsale,0
kannuu,0
akamedia,0
seguro-surgical,0
padproof,0
amino-communications,0
wildcraft,0
converged-access,0
improve-digital,0
y-klub,0
digital-path,0
pocket-communications-northeast,0
f4f-pr,0
circuitsutra-technologies,0
benevity,0
ubigrate,0
skiphop-com,0
interpretomics,0
clickmedix,0
imergy-power-systems-inc,0
flashtalking,0
accelerator-corp,0
site-lock,0
scoregrid,0
sagetis-biotech,0
starsightings,0
via680,0
keen-impressions,0
ze-gen,0
aegis,0
99times-cn,0
premier-grocery,0
balerin-com,0
rsi-content-solutions,0
c4m,0
forensic-logic,0
larosco,0
nanopowers,0
id-quantique,0
idea-shower,0
achala,0
chimani,0
coworks,0
rawdata,0
discoverx,0
conversant-bio,0
modelome,0
healthplan-data-solutions,0
clear-guide-medical,0
spot-trot,0
satiety,0
telesign-corporation,0
brandtone,0
mod-systems,0
styletread,0
petravm,0
nest-fragrances,0
prudent-energy,0
internet-identity,0
bocada,0
cloudmach,0
laser-motive,0
amendia,0
headmix,0
alt-bioscience,0
canonical-ltd,0
washington-university-school-of-medicine,0
yakimbi,0
spinevision,0
perlegen-sciences,0
nvoq,0
forefront-telecare,0
tascet,0
community-peace-developers-inc,0
spockly,0
engagesciences,0
nook-sleep-systems,0
tilana-systems,0
corrigan-and-aburn-sportswear,0
encryptanet-inc,0
conductiv,0
big-bears-recycling,0
this-week-in,0
nettle,0
evercompliant,0
zettacore,0
creditease,0
xronet,0
amatra-smartsource,0
carcharging,0
cmycasa,0
courseload,0
shopvisible,0
healthcare-corporation-of-america,0
viamericas,0
wirewax,0
tagarray,0
credit-coach-electronic-services,0
forticom,0
twin-star-ecs,0
tigerspike,0
skinphototextmatch-com,0
presto-engineering,0
rifftrax,0
mercateo,0
funkedup,0
abo-data,0
nimble-2,0
relisen,0
identrust,0
whitehatt-technologies,0
eis-analytics,0
verysell-group,0
the-nocklist,0
thedigitel,0
zkattter,0
jostle,0
3d-biomatrix,0
innercircuit,0
lontra,0
safetica-technologies,0
ogio-international,0
lakewood-amedex,0
gigantt,0
symmetric-computing,0
dong-energy,0
service-seeking,0
blue-frog-gaming,0
essia-health,0
mesoft,0
mygreek,0
activation-life,0
miselu-inc,0
tolingo,0
mavizon-technologies,0
biovest-international,0
brightblue,0
teespy,0
wongnai,0
ipercast,0
wireless-toyz,0
pawspot,0
gear4music-com,0
zinkotek,0
orsense,0
orthalign,0
enfold-inc,0
cantimer,0
dacos-software,0
profusa,0
wortal,0
datacraft-solutions,0
yola,0
wilinx,0
lumedyne-technologies,0
zabecor-pharmaceuticals,0
nexis-vision,0
thwapr,0
whitefence,0
transformed-apparel,0
itemize,0
lang-ma,0
lt-technologies,0
pharmain,0
lantech,0
insideaxis-2,0
ornim-medical,0
verisante-technology,0
intuary,0
nukotoys,0
id-theft-solutions-of-america,0
foxguard-solutions,0
apparel-media-group,0
biospect,0
organic-church-today,0
telepo,0
completecar-com,0
enerlyte,0
delpor,0
netbyte-hosting,0
ohai,0
litescape-technologies,0
iken-solutions,0
axilogix-education,0
fk-biotecnologia,0
harper-love-adhesive,0
fastcap,0
hidden-city-games,0
woldme,0
ammado,0
organizer,0
proxibid,0
telnyx,0
loku,0
zentact,0
gantec,0
innopower,0
njini,0
common-curriculum,0
emerging-travel,0
transenergy,0
eyejot,0
waltop,0
candiag,0
ephox,0
taskmit,0
mro,0
scary-mommy,0
estrakon,0
homeunion-services,0
360learning,0
maven7,0
lightwaves,0
procept-biorobotics,0
ambri,0
bright-power,0
portal-solutions,0
minova-insurance,0
exacter,0
united-prototype,0
skyway-software,0
signeasy,0
overstock-drugstore,0
usgi-medical,0
skills-matter,0
zhou-heiya,0
clinicbook,0
leostream,0
nextivity,0
tripwolf,0
navmii,0
versailles-international-real-estate,0
shmoop,0
industry-weapon,0
party-earth,0
the-totus-group,0
crm-software,0
vivonet,0
accelops,0
firstplay,0
kinkast,0
ugenius-technology,0
american-discount-pharmacy-crop,0
zomazz,0
tate-s-bake-shop,0
xintec,0
spideroak,0
foodista,0
the-box,0
eutechnyx,0
delaget,0
arrington-management-services,0
dotblu,0
mdc-telecom,0
redfish-instruments-inc,0
wizards-nation,0
mobisante,0
changers,0
2threads,0
bloomboard,0
ceuticare,0
greensand,0
accreon,0
datacratic,0
semtive,0
trilogy-international-partners,0
captivemotion,0
vendome-1699,0
kwhours,0
leankit,0
hiddenbed,0
venture-med-group,0
blastbeat,0
netfactor,0
shopsocially,0
sproom,0
amino,0
del-palma-orthopedics,0
intuitive-automata,0
arizona-security,0
the-gym,0
surfwax-media,0
overwolf,0
therasim,0
abundant-closet,0
hangzhou-kubao-science-and-technology-co-ltd,0
mywot-com,0
allen-tours-inc,0
e-academy,0
fired-up-christian-wear,0
bloson,0
canfield-medical-supply,0
reglobe,0
autouncle,0
applied-nanotools,0
xvionics,0
medivision,0
biohorizons,0
fromatob,0
hanintel,0
chorus,0
ruby-receptionists,0
cti-science,0
avdirect,0
seek-your-own-proof,0
decisionpoint-systems,0
vology,0
merus-power-dynamics,0
instantquest,0
ascent-corporation,0
unityware-inc,0
arkados-group,0
cybra,0
university-of-wollongong,0
dti-diesel-technical-innovations,0
surgical-theater,0
zepass,0
zafu-com,0
finestrella,0
cal-quantum-therapeutics-div,0
american-biocare,0
menschmaschine-publishing,0
birds-eye-systems,0
ihealth-lab-inc,0
glovico,0
mangia,0
seaweed-bath-co-,0
n2v-solutions-llc,0
frequent-browser,0
think360,0
planview,0
sidense,0
baton-rouge-homes,0
carwego,0
vivacta,0
martmenu,0
niveus-medical,0
vrl-logistics,0
percuvision,0
acucar-guarani,0
assured-information-security,0
m2p-labs,0
your-policy-manager,0
freshtemp,0
xtuple,0
social-guides,0
depaul-uk,0
renthop,0
dataart,0
suphalaam-cakart-in,0
pro-options-marketing,0
enertec-systems,0
athena-organic-farm---eco-retreat,0
credit-aid-software,0
biopetroclean,0
unreal-brands,0
genia-photonics,0
248-solidstate,0
webpt,0
zelosport,0
trx-systems,0
icon,0
phoenix-energy-technologies,0
torico-co--ltd-,0
moon-express-inc,0
unbound-technologies,0
pro-stream,0
valmarc,0
berggi,0
azul-systems,0
bathempire,0
avancert,0
eons,0
hyperbees,0
morele-net,0
access-integrated-healthcare,0
broken-buy,0
milibris,0
rescue-forensics,0
towermetrix,0
avalan-wireless-systems-inc,0
emergent-views,0
smartech-mfg-corp,0
evans-easyspace,0
zuchem,0
upside-commerce,0
danotek-motion-technologies,0
wondershare-software,0
wappwolf,0
omegagenesis,0
larada-sciences,0
integrity-digital-solutions,0
claytonstress-com,0
cystinosis-research-foundation,0
sourcetrace-systems,0
ubiquity-servers,0
piki,0
stemedica-cell-technologies,0
in-store-media-company,0
filtec,0
382-communications,0
hct-group,0
cape-wind,0
sterraclimb-llc,0
sharp-corporation,0
zykis,0
ctb-group,0
maxcyte,0
dermagen,0
howgood,0
proximus,0
smeet-communication,0
mobileapps-com,0
shustir,0
hanger-network-in-home-media,0
filtersure-inc,0
ace,0
locr,0
ccp-games,0
qcoefficient-inc,0
psafe,0
hedgeco,0
lambert-contracts,0
korrio,0
surewaves,0
upsido,0
smr-site,0
ambient-control-systems,0
imperative-energy,0
research-for-good,0
solaeromed,0
informed-trades,0
adherex-technologies,0
ustrendy,0
cloopen,0
j-j-solutions,0
pure-energy-solutions,0
caesarea-james,0
sapling-learning,0
medaptus,0
viridis3d,0
birddog-solutions,0
superprofs,0
shanxi-zinc-industry-group-co-ltd,0
inmobiliarie,0
direct-trade-coffee-club,0
delta-plant-technologies,0
peter-blueberry,0
appsmyth,0
chicken-out-rotisserie,0
gemvara,0
kabeexploration,0
digitalscirocco,0
dextrys,0
posit-science,0
molecular-products-group,0
sozo-global,0
ac-immune-sa,0
tely-labs,0
paradigm-holdings,0
thejobpost,0
pop-properties,0
flexis,0
communiclique,0
icims,0
signpath-pharma,0
shieldeffect,0
megapolygon-corporation,0
airborne-media-group-2,0
american-pathology-partners,0
global-silicon,0
medplexus,0
spinsnap,0
games2win,0
mobikon-asia,0
deal-acceleration,0
accellos,0
adspace-networks,0
mission-markets,0
yavalu,0
barak-itc,0
businesselite,0
dermsearch,0
the-highway-girl,0
microfabrica,0
c7-group,0
decision-pace,0
sitscape,0
brainsins,0
ecosia,0
tailgate-technologies,0
for-arts-sake-media,0
fibocom-wireless,0
karmakey,0
myca-health,0
sarasota-medical-products,0
kingsbridge-risk-solutions,0
accion-texas,0
quail-surgical-pain-management-center,0
optimal-technologies,0
observepoint,0
fosdev,0
veeda,0
barspace,0
studdex,0
needl,0
fibrogen,0
ppi,0
broadcasting-authority-of-ireland-bai,0
verge-advisors,0
3225-films,0
tanfield-direct-ltd,0
playdo,0
newforma,0
innomed-technologies,0
mosa-records,0
genevolve-vision-diagnostics,0
china,0
macoscope,0
evena-medical,0
nanoference,0
kynetx,0
play-more,0
rebellion-photonics,0
brainwave-studios,0
bluechilli,0
luma-international,0
verisim,0
delta-data-software,0
cellworks,0
gruppo-mutuionline,0
redvision-system,0
everitas-inc,0
acronis,0
robertson-global-health-solutions,0
altos-design-automation,0
picrate-me,0
br-supply,0
careerise,0
information-security-corporation,0
general-sentiment,0
ceres-nanosciences,0
ethicsgame,0
dynamixyz,0
omgili,0
hugo-debra-natural,0
new-futuro,0
celframe,0
elastra,0
sandow,0
sarsys,0
stargen,0
tadcast,0
omprompt,0
aloompa,0
pearlchain-net,0
flotime,0
snip-ly,0
sixty-second-parent,0
yingyang,0
ziffi,0
waffl-com,0
web-performance,0
suven-life-sciences,0
dwellgreen,0
trino-therapeutics,0
zeakal,0
comverging-technologies,0
priva-security-corporation,0
marketforce-one,0
avazu-inc,0
pelotonia,0
travelusion,0
nival-network,0
kinamu-business-solutions,0
cartmomo,0
allmoxy,0
apprema,0
collective-bias,0
dejero-labs,0
3scale,0
skyfiber,0
orpheus-gmbh,0
root-orange,0
tile-financial,0
arrive-technologies,0
fabric7-systems,0
pocket-gems,0
fleet-entertainment-group,0
getfound-ie,0
thefilter,0
qstream,0
mobileaware,0
99dresses,0
medisens,0
youbeqb,0
haul-zing,0
lumension,0
jetsuite,0
off-track-planet,0
patent-safari,0
apex-clean-energy,0
rackup,0
volpara-solutions,0
marro-ws,0
wellgen,0
pictarine,0
innoz,0
avi-web-solutions-pvt-ltd,0
u4ea,0
skystream-markets,0
cerimon-pharmaceuticals,0
biomax,0
seren-photonics,0
tekmi,0
dxna,0
zavedenia-com,0
nutritionix,0
nyxoah,0
kaj-hospitality,0
lucky-cart,0
icents-net,0
mediainterface-dresden,0
search-technologies-ru,0
skywire-media,0
bangbite,0
athena-feminine-technologies,0
movius-interactive,0
organically-maid,0
stayzilla,0
daynine-consulting-inc,0
wall-street-horizon,0
limelock-com,0
miso-media,0
eco-safe,0
dailyplaces-gmbh,0
betklub,0
deskgod,0
immedia,0
ipdatatel,0
edifilm,0
vb-rags,0
daniel-s-jewelers,0
print-io,0
ngaged-software-inc,0
artimi,0
express-med-pharmacy-services,0
global-roaming,0
ivaco-rolling-mills,0
aminex-therapeutics,0
econova,0
tengaged,0
hoffmeister-leuchten,0
symbian,0
gna-biosolutions,0
epayselect,0
corhythm,0
sprint-bioscience,0
salesportal,0
echobase,0
targeted-instant-communications,0
fresenius-medical-care-himg-dialysis-center,0
king-lizzy-creative,0
amresorts,0
shanghai-yimu-network-technology-co,0
updown,0
comparabien-com,0
one-song,0
syntervention,0
grapevine-talk,0
clearview-tower-company,0
theasianparent,0
evestra,0
punch-through-design,0
medicine-bow-wind,0
leftlane-sports,0
celtaxsys,0
openbsd-foundation,0
swagbucks,0
topadmit,0
city-wide-towing-recovery-service,0
rmb-ventures,0
pagescience,0
texthub,0
visible-markets,0
lighter-capital,0
spice-online-retail,0
intrusic,0
encoate,0
lumec-control-products,0
fanfueled,0
objectway,0
scaleout-software,0
geograffiti,0
equiendo,0
brainstage,0
computer-software-innovations,0
earthwise-ferries-uganda-limited,0
jott-messenger,0
webydo,0
community-fuels,0
xplornet-communications,0
a-suite-salon,0
cwr-mobility,0
encore-interactive,0
dreamface-interactive,0
typerings-com,0
winweb,0
lessonwriter,0
therightapi,0
signiant,0
amoeba,0
fairsoftware,0
jj-divers,0
opinionlab,0
socialkaty,0
best-learning-english,0
rewardsnap,0
mobshop,0
quickfilter-technologies,0
alliance-card,0
tianjin-bonna-agela-technologies,0
connectyourcare,0
netguardians,0
proacta,0
directadoptions-com,0
okazjum-pl,0
rank-by-search,0
lemnatec,0
woodstone-properties,0
vulev,0
enforta,0
rallyhood,0
qnovo,0
optimus,0
autoloader-gmbh-2,0
itineris,0
biophytis,0
koreaboo,0
bicon-pharmaceutical,0
certica-solutions,0
historyfile,0
webpesados,0
private-outlet,0
teamsupport,0
sisaf,0
blomming,0
hatsize,0
silicon-line,0
powerhouse-biologics,0
intentio,0
impero-software-limited,0
preparis,0
interna-technologies,0
icecure-medical,0
crave-com,0
hightower-advisors,0
e994,0
money360,0
new-york-trust,0
fusionone-electronic-healthcare,0
vericorder-technology,0
central-conveyor,0
beatlab,0
ryan,0
